athlete_id,athlete_name,sport,nationality
ATH001,Mia Rossi,Football,France
ATH002,Viktor Petit,Swimming,Argentina
ATH003,Lena Taylor,Athletics,Belgium
ATH004,Laura Bianchi,Athletics,Czech Republic
ATH005,Petra Leclerc,Swimming,Japan
ATH006,Lucas Petit,Boxing,India
ATH007,Chris Yamamoto,Basketball,Portugal
ATH008,Laura Ferreira,Athletics,France
ATH009,Rafael Taylor,Basketball,Italy
ATH010,Mia Dupont,Boxing,Croatia
ATH011,Emma Chen,Athletics,Switzerland
ATH012,David Taylor,Athletics,Spain
ATH013,Katarina Petit,Swimming,Croatia
ATH014,Petra Kowalski,Basketball,Mexico
ATH015,Rafael Rossi,Boxing,Czech Republic
ATH016,Thomas Ferreira,Judo,Denmark
ATH017,David Petit,Boxing,Croatia
ATH018,Thomas Morin,Swimming,Russia
ATH019,Ivan Kowalski,Boxing,Germany
ATH020,Julia Petit,Basketball,Italy
ATH021,Nina Garcia,Basketball,Spain
ATH022,Maria Garcia,Judo,United States
ATH023,Viktor Martinez,Judo,Serbia
ATH024,Laura Andersen,Football,Mexico
ATH025,Luis Petit,Basketball,Greece
ATH026,Petra Popescu,Swimming,Germany
ATH027,Lucas Garcia,Athletics,Brazil
ATH028,Chris Garcia,Cycling,Greece
ATH029,Julia Garcia,Judo,Brazil
ATH030,Max Smith,Cycling,Belgium
ATH031,Mia Romano,Cycling,Belgium
ATH032,Ana Popescu,Judo,South Korea
ATH033,Lucas Leclerc,Tennis,Czech Republic
ATH034,Maria Kowalski,Swimming,India
ATH035,Katarina Martinez,Judo,Croatia
ATH036,Lena Garcia,Judo,China
ATH037,Felix Yamamoto,Boxing,Brazil
ATH038,Felix Romano,Basketball,Mexico
ATH039,Rafael Nkosi,Athletics,Spain
ATH040,Max Morin,Basketball,Greece
ATH041,Mia Morin,Boxing,Poland
ATH042,Rafael Leclerc,Judo,Serbia
ATH043,Oliver Ferreira,Judo,Denmark
ATH044,Elena Martinez,Tennis,France
ATH045,Mia Ferreira,Athletics,Canada
ATH046,Marco Russo,Judo,Czech Republic
ATH047,Maria Leclerc,Football,Norway
ATH048,Viktor Martinez48,Tennis,Czech Republic
ATH049,Sofia Popescu,Cycling,Denmark
ATH050,Lena Eriksson,Cycling,Croatia
ATH051,Oliver Yamamoto,Football,Switzerland
ATH052,Sara Morin,Judo,Mexico
ATH053,Lucas Popescu,Basketball,Denmark
ATH054,Mia Romano54,Football,Austria
ATH055,Petra Leclerc55,Swimming,Russia
ATH056,Sara Santos,Athletics,Japan
ATH057,Clara Leclerc,Swimming,United Kingdom
ATH058,Ivan Kowalski58,Judo,Norway
ATH059,Maria Hansen,Judo,Czech Republic
ATH060,Laura Yamamoto,Tennis,Brazil
ATH061,Carlos Eriksson,Boxing,India
ATH062,Emma Petit,Swimming,United States
ATH063,Chris Morin,Tennis,India
ATH064,Petra Rossi,Basketball,Canada
ATH065,Maria Andersen,Athletics,Argentina
ATH066,Nina Yamamoto,Boxing,Poland
ATH067,Thomas Hansen,Tennis,Netherlands
ATH068,David Novak,Swimming,Australia
ATH069,Julia Martinez,Athletics,China
ATH070,Luis Müller,Judo,South Africa
ATH071,Petra Bianchi,Athletics,Mexico
ATH072,Maria Hansen72,Athletics,Norway
ATH073,Chris Novak,Athletics,France
ATH074,Sofia Russo,Cycling,Italy
ATH075,Emma Kowalski,Boxing,Denmark
ATH076,Luis Bianchi,Judo,South Korea
ATH077,Katarina Morin,Swimming,Italy
ATH078,Max Eriksson,Swimming,Canada
ATH079,Maria Morin,Judo,Brazil
ATH080,Mia Costa,Tennis,South Korea
ATH081,Elena Romano,Judo,Russia
ATH082,Thomas Popescu,Swimming,Portugal
ATH083,Ana Chen,Basketball,Netherlands
ATH084,Emma Russo,Cycling,Austria
ATH085,Lucas Costa,Basketball,South Korea
ATH086,Petra Yamamoto,Basketball,United Kingdom
ATH087,Mia Fischer,Judo,India
ATH088,Julia Taylor,Football,Russia
ATH089,Carlos Bianchi,Tennis,United Kingdom
ATH090,Luis Hansen,Athletics,Portugal
ATH091,Ana Nkosi,Basketball,Canada
ATH092,David Kowalski,Tennis,Czech Republic
ATH093,Julian Costa,Swimming,France
ATH094,Felix Müller,Boxing,Belgium
ATH095,Mia Hernandez,Boxing,India
ATH096,Katarina Weber,Football,Canada
ATH097,Carlos Romano,Swimming,Australia
ATH098,Luis Hernandez,Cycling,Croatia
ATH099,Nina Andersen,Judo,Russia
ATH100,Luis Eriksson,Basketball,India
ATH101,David Santos,Boxing,India
ATH102,Ana Müller,Football,Sweden
ATH103,Julian Weber,Swimming,Denmark
ATH104,Oliver Novak,Cycling,Japan
ATH105,Ana Taylor,Boxing,Sweden
ATH106,Oliver Nkosi,Swimming,South Korea
ATH107,Carlos Garcia,Boxing,India
ATH108,Elena Romano108,Boxing,South Korea
ATH109,Katarina Fischer,Athletics,Portugal
ATH110,Katarina Müller,Football,Mexico
ATH111,Marco Russo111,Football,Portugal
ATH112,Maria Müller,Athletics,South Korea
ATH113,Viktor Popescu,Tennis,Switzerland
ATH114,Viktor Nkosi,Cycling,Argentina
ATH115,Emma Popescu,Swimming,Japan
ATH116,Luis Hernandez116,Cycling,Portugal
ATH117,Maria Nkosi,Cycling,Portugal
ATH118,Chris Costa,Judo,Netherlands
ATH119,Maria Smith,Basketball,Greece
ATH120,Chris Fischer,Athletics,Germany
ATH121,Rafael Fischer,Swimming,India
ATH122,Lena Santos,Athletics,Croatia
ATH123,Emma Petit123,Basketball,Portugal
ATH124,Felix Novak,Basketball,Portugal
ATH125,Julia Chen,Judo,Switzerland
ATH126,Max Fischer,Judo,Croatia
ATH127,Katarina Fischer127,Swimming,Mexico
ATH128,Lucas Taylor,Judo,United Kingdom
ATH129,Luis Bianchi129,Athletics,United Kingdom
ATH130,Luis Santos,Judo,Croatia
ATH131,Rafael Weber,Football,United States
ATH132,Maria Andersen132,Basketball,China
ATH133,Maria Dupont,Boxing,Netherlands
ATH134,Rafael Taylor134,Athletics,United Kingdom
ATH135,Emma Popescu135,Boxing,Netherlands
ATH136,Laura Leclerc,Swimming,Spain
ATH137,Lucas Hansen,Basketball,Switzerland
ATH138,Rafael Popescu,Boxing,India
ATH139,Ivan Kowalski139,Judo,Mexico
ATH140,Carlos Dupont,Football,Sweden
ATH141,Ana Morin,Basketball,France
ATH142,Lena Ferreira,Judo,Japan
ATH143,Thomas Hansen143,Judo,Serbia
ATH144,Chris Weber,Swimming,Mexico
ATH145,David Smith,Judo,Portugal
ATH146,David Bianchi,Judo,Austria
ATH147,Lucas Morin,Football,Denmark
ATH148,Ana Hansen,Basketball,Norway
ATH149,Julian Yamamoto,Basketball,India
ATH150,Thomas Novak,Judo,France
ATH151,Katarina Chen,Athletics,Belgium
ATH152,Julia Kowalski,Tennis,Greece
ATH153,Felix Russo,Boxing,Russia
ATH154,Nina Russo,Athletics,Italy
ATH155,Ivan Andersen,Tennis,Sweden
ATH156,Felix Taylor,Judo,Brazil
ATH157,Oliver Garcia,Swimming,Italy
ATH158,Carlos Chen,Cycling,Russia
ATH159,Elena Romano159,Judo,Greece
ATH160,Ana Hansen160,Football,Sweden
ATH161,Julian Ferreira,Judo,France
ATH162,Julia Garcia162,Basketball,Canada
ATH163,Sofia Fischer,Football,Spain
ATH164,Julian Chen,Athletics,Germany
ATH165,Maria Novak,Boxing,United States
ATH166,Lucas Kowalski,Athletics,Australia
ATH167,Lucas Popescu167,Swimming,Czech Republic
ATH168,Rafael Andersen,Swimming,Canada
ATH169,Carlos Martinez,Boxing,France
ATH170,Julian Dupont,Swimming,Canada
ATH171,Mia Nkosi,Basketball,Australia
ATH172,Chris Dupont,Cycling,France
ATH173,Elena Costa,Cycling,Norway
ATH174,Lena Taylor174,Basketball,South Korea
ATH175,Maria Chen,Football,France
ATH176,Viktor Novak,Athletics,Czech Republic
ATH177,Lena Garcia177,Cycling,Czech Republic
ATH178,Carlos Chen178,Athletics,Sweden
ATH179,Elena Costa179,Swimming,Sweden
ATH180,Laura Ferreira180,Judo,Czech Republic
ATH181,Ana Morin181,Cycling,Belgium
ATH182,Petra Smith,Swimming,Netherlands
ATH183,Petra Yamamoto183,Basketball,Sweden
ATH184,Nina Bianchi,Tennis,France
ATH185,Chris Bianchi,Boxing,Mexico
ATH186,Max Kowalski,Tennis,Spain
ATH187,Lena Chen,Boxing,Norway
ATH188,Chris Petit,Football,Serbia
ATH189,Chris Russo,Boxing,Brazil
ATH190,Rafael Kowalski,Athletics,Denmark
ATH191,Laura Rossi,Athletics,Serbia
ATH192,Chris Smith,Boxing,Denmark
ATH193,Mia Santos,Football,Norway
ATH194,Clara Nkosi,Boxing,Belgium
ATH195,David Martinez,Boxing,Croatia
ATH196,Elena Petit,Football,Canada
ATH197,Ivan Bianchi,Football,Norway
ATH198,Carlos Martinez198,Tennis,United Kingdom
ATH199,Sara Leclerc,Tennis,Spain
ATH200,Clara Kowalski,Judo,Czech Republic
ATH201,David Hernandez,Athletics,Sweden
ATH202,Petra Russo,Athletics,Belgium
ATH203,Nina Garcia203,Judo,India
ATH204,Clara Dupont,Basketball,Netherlands
ATH205,Chris Andersen,Basketball,Netherlands
ATH206,Sofia Romano,Tennis,South Korea
ATH207,Maria Bianchi,Cycling,Netherlands
ATH208,Viktor Garcia,Tennis,Argentina
ATH209,David Chen,Football,Austria
ATH210,Ivan Rossi,Boxing,Mexico
ATH211,Petra Martinez,Cycling,Argentina
ATH212,Lena Eriksson212,Boxing,France
ATH213,Lena Martinez,Cycling,Greece
ATH214,Carlos Santos,Basketball,Mexico
ATH215,Maria Morin215,Judo,Australia
ATH216,Sofia Novak,Swimming,Brazil
ATH217,Ana Ferreira,Athletics,United Kingdom
ATH218,Lucas Chen,Cycling,South Africa
ATH219,Oliver Weber,Boxing,Russia
ATH220,Ivan Morin,Tennis,Austria
ATH221,Luis Petit221,Boxing,Sweden
ATH222,Clara Novak,Judo,India
ATH223,Carlos Fischer,Tennis,Belgium
ATH224,Julia Nkosi,Basketball,Czech Republic
ATH225,Marco Dupont,Judo,Austria
ATH226,Lena Eriksson226,Tennis,Portugal
ATH227,Katarina Yamamoto,Boxing,France
ATH228,Mia Novak,Football,Croatia
ATH229,Carlos Hernandez,Football,Brazil
ATH230,Ana Ferreira230,Tennis,Russia
ATH231,Katarina Yamamoto231,Basketball,Greece
ATH232,Ana Yamamoto,Swimming,Brazil
ATH233,Thomas Popescu233,Athletics,Germany
ATH234,Carlos Leclerc,Tennis,Czech Republic
ATH235,Felix Hansen,Football,Belgium
ATH236,Chris Chen,Athletics,Argentina
ATH237,Lena Yamamoto,Tennis,Canada
ATH238,Chris Nkosi,Cycling,Portugal
ATH239,Ana Costa,Judo,Norway
ATH240,David Dupont,Judo,Belgium
ATH241,Felix Dupont,Tennis,Germany
ATH242,Rafael Hernandez,Athletics,Canada
ATH243,Petra Smith243,Judo,France
ATH244,Rafael Popescu244,Basketball,Norway
ATH245,Ana Dupont,Tennis,Austria
ATH246,Nina Müller,Basketball,Japan
ATH247,Julian Dupont247,Basketball,Norway
ATH248,Elena Morin,Tennis,Norway
ATH249,Viktor Hernandez,Basketball,Croatia
ATH250,Sara Andersen,Football,Italy
ATH251,Max Petit,Tennis,Russia
ATH252,Viktor Taylor,Cycling,Canada
ATH253,Maria Dupont253,Athletics,Spain
ATH254,Felix Hansen254,Cycling,Mexico
ATH255,Felix Smith,Boxing,Belgium
ATH256,Emma Fischer,Judo,Poland
ATH257,Sofia Yamamoto,Tennis,United Kingdom
ATH258,Rafael Smith,Basketball,Japan
ATH259,Oliver Russo,Football,South Korea
ATH260,Laura Ferreira260,Swimming,India
ATH261,Lucas Leclerc261,Football,Japan
ATH262,Laura Eriksson,Swimming,Spain
ATH263,Rafael Yamamoto,Tennis,Portugal
ATH264,Mia Eriksson,Cycling,Brazil
ATH265,Max Santos,Athletics,Russia
ATH266,Thomas Santos,Judo,Austria
ATH267,Luis Martinez,Football,Croatia
ATH268,Julia Ferreira,Football,Switzerland
ATH269,Sara Popescu,Football,Czech Republic
ATH270,Sofia Dupont,Tennis,Croatia
ATH271,Lena Yamamoto271,Tennis,South Africa
ATH272,Max Yamamoto,Cycling,Greece
ATH273,Viktor Andersen,Cycling,Brazil
ATH274,Lena Weber,Football,South Korea
ATH275,Petra Weber,Cycling,Serbia
ATH276,Julian Kowalski,Tennis,Mexico
ATH277,Emma Garcia,Football,Germany
ATH278,Carlos Novak,Swimming,Italy
ATH279,Laura Bianchi279,Football,Brazil
ATH280,Rafael Garcia,Cycling,Brazil
ATH281,Laura Kowalski,Boxing,Argentina
ATH282,Katarina Kowalski,Cycling,Canada
ATH283,Sofia Santos,Swimming,Spain
ATH284,Chris Chen284,Athletics,South Africa
ATH285,Carlos Romano285,Swimming,Austria
ATH286,Julian Russo,Athletics,Russia
ATH287,Thomas Santos287,Judo,Japan
ATH288,Elena Eriksson,Football,Russia
ATH289,Clara Kowalski289,Basketball,Portugal
ATH290,Luis Rossi,Swimming,Italy
ATH291,Lucas Hansen291,Cycling,Brazil
ATH292,Nina Hernandez,Football,Greece
ATH293,Thomas Andersen,Cycling,Czech Republic
ATH294,Rafael Costa,Cycling,Norway
ATH295,Julia Novak,Swimming,Japan
ATH296,Thomas Yamamoto,Boxing,France
ATH297,Julia Smith,Judo,China
ATH298,Ivan Weber,Judo,Germany
ATH299,Petra Petit,Athletics,Norway
ATH300,Sofia Taylor,Football,Serbia
