athlete_id,athlete_name,sport,nationality_ioc
ATH001,Mia Rossi,Football,FRA
ATH002,Viktor Petit,Swimming,ARG
ATH003,Lena Taylor,Athletics,BEL
ATH004,Laura Bianchi,Athletics,CZE
ATH005,Petra Leclerc,Swimming,JPN
ATH006,Lucas Petit,Boxing,IND
ATH007,Chris Yamamoto,Basketball,POR
ATH008,Laura Ferreira,Athletics,FRA
ATH009,Rafael Taylor,Basketball,ITA
ATH010,Mia Dupont,Boxing,CRO
ATH011,Emma Chen,Athletics,SUI
ATH012,David Taylor,Athletics,ESP
ATH013,Katarina Petit,Swimming,CRO
ATH014,Petra Kowalski,Basketball,MEX
ATH015,Rafael Rossi,Boxing,CZE
ATH016,Thomas Ferreira,Judo,DEN
ATH017,David Petit,Boxing,CRO
ATH018,Thomas Morin,Swimming,RUS
ATH019,Ivan Kowalski,Boxing,GER
ATH020,Julia Petit,Basketball,ITA
ATH021,Nina Garcia,Basketball,ESP
ATH022,Maria Garcia,Judo,USA
ATH023,Viktor Martinez,Judo,SRB
ATH024,Laura Andersen,Football,MEX
ATH025,Luis Petit,Basketball,GRE
ATH026,Petra Popescu,Swimming,GER
ATH027,Lucas Garcia,Athletics,BRA
ATH028,Chris Garcia,Cycling,GRE
ATH029,Julia Garcia,Judo,BRA
ATH030,Max Smith,Cycling,BEL
ATH031,Mia Romano,Cycling,BEL
ATH032,Ana Popescu,Judo,KOR
ATH033,Lucas Leclerc,Tennis,CZE
ATH034,Maria Kowalski,Swimming,IND
ATH035,Katarina Martinez,Judo,CRO
ATH036,Lena Garcia,Judo,CHN
ATH037,Felix Yamamoto,Boxing,BRA
ATH038,Felix Romano,Basketball,MEX
ATH039,Rafael Nkosi,Athletics,ESP
ATH040,Max Morin,Basketball,GRE
ATH041,Mia Morin,Boxing,POL
ATH042,Rafael Leclerc,Judo,SRB
ATH043,Oliver Ferreira,Judo,DEN
ATH044,Elena Martinez,Tennis,FRA
ATH045,Mia Ferreira,Athletics,CAN
ATH046,Marco Russo,Judo,CZE
ATH047,Maria Leclerc,Football,NOR
ATH048,Viktor Martinez48,Tennis,CZE
ATH049,Sofia Popescu,Cycling,DEN
ATH050,Lena Eriksson,Cycling,CRO
ATH051,Oliver Yamamoto,Football,SUI
ATH052,Sara Morin,Judo,MEX
ATH053,Lucas Popescu,Basketball,DEN
ATH054,Mia Romano54,Football,AUT
ATH055,Petra Leclerc55,Swimming,RUS
ATH056,Sara Santos,Athletics,JPN
ATH057,Clara Leclerc,Swimming,GBR
ATH058,Ivan Kowalski58,Judo,NOR
ATH059,Maria Hansen,Judo,CZE
ATH060,Laura Yamamoto,Tennis,BRA
ATH061,Carlos Eriksson,Boxing,IND
ATH062,Emma Petit,Swimming,USA
ATH063,Chris Morin,Tennis,IND
ATH064,Petra Rossi,Basketball,CAN
ATH065,Maria Andersen,Athletics,ARG
ATH066,Nina Yamamoto,Boxing,POL
ATH067,Thomas Hansen,Tennis,NED
ATH068,David Novak,Swimming,AUS
ATH069,Julia Martinez,Athletics,CHN
ATH070,Luis Müller,Judo,RSA
ATH071,Petra Bianchi,Athletics,MEX
ATH072,Maria Hansen72,Athletics,NOR
ATH073,Chris Novak,Athletics,FRA
ATH074,Sofia Russo,Cycling,ITA
ATH075,Emma Kowalski,Boxing,DEN
ATH076,Luis Bianchi,Judo,KOR
ATH077,Katarina Morin,Swimming,ITA
ATH078,Max Eriksson,Swimming,CAN
ATH079,Maria Morin,Judo,BRA
ATH080,Mia Costa,Tennis,KOR
ATH081,Elena Romano,Judo,RUS
ATH082,Thomas Popescu,Swimming,POR
ATH083,Ana Chen,Basketball,NED
ATH084,Emma Russo,Cycling,AUT
ATH085,Lucas Costa,Basketball,KOR
ATH086,Petra Yamamoto,Basketball,GBR
ATH087,Mia Fischer,Judo,IND
ATH088,Julia Taylor,Football,RUS
ATH089,Carlos Bianchi,Tennis,GBR
ATH090,Luis Hansen,Athletics,POR
ATH091,Ana Nkosi,Basketball,CAN
ATH092,David Kowalski,Tennis,CZE
ATH093,Julian Costa,Swimming,FRA
ATH094,Felix Müller,Boxing,BEL
ATH095,Mia Hernandez,Boxing,IND
ATH096,Katarina Weber,Football,CAN
ATH097,Carlos Romano,Swimming,AUS
ATH098,Luis Hernandez,Cycling,CRO
ATH099,Nina Andersen,Judo,RUS
ATH100,Luis Eriksson,Basketball,IND
ATH101,David Santos,Boxing,IND
ATH102,Ana Müller,Football,SWE
ATH103,Julian Weber,Swimming,DEN
ATH104,Oliver Novak,Cycling,JPN
ATH105,Ana Taylor,Boxing,SWE
ATH106,Oliver Nkosi,Swimming,KOR
ATH107,Carlos Garcia,Boxing,IND
ATH108,Elena Romano108,Boxing,KOR
ATH109,Katarina Fischer,Athletics,POR
ATH110,Katarina Müller,Football,MEX
ATH111,Marco Russo111,Football,POR
ATH112,Maria Müller,Athletics,KOR
ATH113,Viktor Popescu,Tennis,SUI
ATH114,Viktor Nkosi,Cycling,ARG
ATH115,Emma Popescu,Swimming,JPN
ATH116,Luis Hernandez116,Cycling,POR
ATH117,Maria Nkosi,Cycling,POR
ATH118,Chris Costa,Judo,NED
ATH119,Maria Smith,Basketball,GRE
ATH120,Chris Fischer,Athletics,GER
ATH121,Rafael Fischer,Swimming,IND
ATH122,Lena Santos,Athletics,CRO
ATH123,Emma Petit123,Basketball,POR
ATH124,Felix Novak,Basketball,POR
ATH125,Julia Chen,Judo,SUI
ATH126,Max Fischer,Judo,CRO
ATH127,Katarina Fischer127,Swimming,MEX
ATH128,Lucas Taylor,Judo,GBR
ATH129,Luis Bianchi129,Athletics,GBR
ATH130,Luis Santos,Judo,CRO
ATH131,Rafael Weber,Football,USA
ATH132,Maria Andersen132,Basketball,CHN
ATH133,Maria Dupont,Boxing,NED
ATH134,Rafael Taylor134,Athletics,GBR
ATH135,Emma Popescu135,Boxing,NED
ATH136,Laura Leclerc,Swimming,ESP
ATH137,Lucas Hansen,Basketball,SUI
ATH138,Rafael Popescu,Boxing,IND
ATH139,Ivan Kowalski139,Judo,MEX
ATH140,Carlos Dupont,Football,SWE
ATH141,Ana Morin,Basketball,FRA
ATH142,Lena Ferreira,Judo,JPN
ATH143,Thomas Hansen143,Judo,SRB
ATH144,Chris Weber,Swimming,MEX
ATH145,David Smith,Judo,POR
ATH146,David Bianchi,Judo,AUT
ATH147,Lucas Morin,Football,DEN
ATH148,Ana Hansen,Basketball,NOR
ATH149,Julian Yamamoto,Basketball,IND
ATH150,Thomas Novak,Judo,FRA
ATH151,Katarina Chen,Athletics,BEL
ATH152,Julia Kowalski,Tennis,GRE
ATH153,Felix Russo,Boxing,RUS
ATH154,Nina Russo,Athletics,ITA
ATH155,Ivan Andersen,Tennis,SWE
ATH156,Felix Taylor,Judo,BRA
ATH157,Oliver Garcia,Swimming,ITA
ATH158,Carlos Chen,Cycling,RUS
ATH159,Elena Romano159,Judo,GRE
ATH160,Ana Hansen160,Football,SWE
ATH161,Julian Ferreira,Judo,FRA
ATH162,Julia Garcia162,Basketball,CAN
ATH163,Sofia Fischer,Football,ESP
ATH164,Julian Chen,Athletics,GER
ATH165,Maria Novak,Boxing,USA
ATH166,Lucas Kowalski,Athletics,AUS
ATH167,Lucas Popescu167,Swimming,CZE
ATH168,Rafael Andersen,Swimming,CAN
ATH169,Carlos Martinez,Boxing,FRA
ATH170,Julian Dupont,Swimming,CAN
ATH171,Mia Nkosi,Basketball,AUS
ATH172,Chris Dupont,Cycling,FRA
ATH173,Elena Costa,Cycling,NOR
ATH174,Lena Taylor174,Basketball,KOR
ATH175,Maria Chen,Football,FRA
ATH176,Viktor Novak,Athletics,CZE
ATH177,Lena Garcia177,Cycling,CZE
ATH178,Carlos Chen178,Athletics,SWE
ATH179,Elena Costa179,Swimming,SWE
ATH180,Laura Ferreira180,Judo,CZE
ATH181,Ana Morin181,Cycling,BEL
ATH182,Petra Smith,Swimming,NED
ATH183,Petra Yamamoto183,Basketball,SWE
ATH184,Nina Bianchi,Tennis,FRA
ATH185,Chris Bianchi,Boxing,MEX
ATH186,Max Kowalski,Tennis,ESP
ATH187,Lena Chen,Boxing,NOR
ATH188,Chris Petit,Football,SRB
ATH189,Chris Russo,Boxing,BRA
ATH190,Rafael Kowalski,Athletics,DEN
ATH191,Laura Rossi,Athletics,SRB
ATH192,Chris Smith,Boxing,DEN
ATH193,Mia Santos,Football,NOR
ATH194,Clara Nkosi,Boxing,BEL
ATH195,David Martinez,Boxing,CRO
ATH196,Elena Petit,Football,CAN
ATH197,Ivan Bianchi,Football,NOR
ATH198,Carlos Martinez198,Tennis,GBR
ATH199,Sara Leclerc,Tennis,ESP
ATH200,Clara Kowalski,Judo,CZE
ATH201,David Hernandez,Athletics,SWE
ATH202,Petra Russo,Athletics,BEL
ATH203,Nina Garcia203,Judo,IND
ATH204,Clara Dupont,Basketball,NED
ATH205,Chris Andersen,Basketball,NED
ATH206,Sofia Romano,Tennis,KOR
ATH207,Maria Bianchi,Cycling,NED
ATH208,Viktor Garcia,Tennis,ARG
ATH209,David Chen,Football,AUT
ATH210,Ivan Rossi,Boxing,MEX
ATH211,Petra Martinez,Cycling,ARG
ATH212,Lena Eriksson212,Boxing,FRA
ATH213,Lena Martinez,Cycling,GRE
ATH214,Carlos Santos,Basketball,MEX
ATH215,Maria Morin215,Judo,AUS
ATH216,Sofia Novak,Swimming,BRA
ATH217,Ana Ferreira,Athletics,GBR
ATH218,Lucas Chen,Cycling,RSA
ATH219,Oliver Weber,Boxing,RUS
ATH220,Ivan Morin,Tennis,AUT
ATH221,Luis Petit221,Boxing,SWE
ATH222,Clara Novak,Judo,IND
ATH223,Carlos Fischer,Tennis,BEL
ATH224,Julia Nkosi,Basketball,CZE
ATH225,Marco Dupont,Judo,AUT
ATH226,Lena Eriksson226,Tennis,POR
ATH227,Katarina Yamamoto,Boxing,FRA
ATH228,Mia Novak,Football,CRO
ATH229,Carlos Hernandez,Football,BRA
ATH230,Ana Ferreira230,Tennis,RUS
ATH231,Katarina Yamamoto231,Basketball,GRE
ATH232,Ana Yamamoto,Swimming,BRA
ATH233,Thomas Popescu233,Athletics,GER
ATH234,Carlos Leclerc,Tennis,CZE
ATH235,Felix Hansen,Football,BEL
ATH236,Chris Chen,Athletics,ARG
ATH237,Lena Yamamoto,Tennis,CAN
ATH238,Chris Nkosi,Cycling,POR
ATH239,Ana Costa,Judo,NOR
ATH240,David Dupont,Judo,BEL
ATH241,Felix Dupont,Tennis,GER
ATH242,Rafael Hernandez,Athletics,CAN
ATH243,Petra Smith243,Judo,FRA
ATH244,Rafael Popescu244,Basketball,NOR
ATH245,Ana Dupont,Tennis,AUT
ATH246,Nina Müller,Basketball,JPN
ATH247,Julian Dupont247,Basketball,NOR
ATH248,Elena Morin,Tennis,NOR
ATH249,Viktor Hernandez,Basketball,CRO
ATH250,Sara Andersen,Football,ITA
ATH251,Max Petit,Tennis,RUS
ATH252,Viktor Taylor,Cycling,CAN
ATH253,Maria Dupont253,Athletics,ESP
ATH254,Felix Hansen254,Cycling,MEX
ATH255,Felix Smith,Boxing,BEL
ATH256,Emma Fischer,Judo,POL
ATH257,Sofia Yamamoto,Tennis,GBR
ATH258,Rafael Smith,Basketball,JPN
ATH259,Oliver Russo,Football,KOR
ATH260,Laura Ferreira260,Swimming,IND
ATH261,Lucas Leclerc261,Football,JPN
ATH262,Laura Eriksson,Swimming,ESP
ATH263,Rafael Yamamoto,Tennis,POR
ATH264,Mia Eriksson,Cycling,BRA
ATH265,Max Santos,Athletics,RUS
ATH266,Thomas Santos,Judo,AUT
ATH267,Luis Martinez,Football,CRO
ATH268,Julia Ferreira,Football,SUI
ATH269,Sara Popescu,Football,CZE
ATH270,Sofia Dupont,Tennis,CRO
ATH271,Lena Yamamoto271,Tennis,RSA
ATH272,Max Yamamoto,Cycling,GRE
ATH273,Viktor Andersen,Cycling,BRA
ATH274,Lena Weber,Football,KOR
ATH275,Petra Weber,Cycling,SRB
ATH276,Julian Kowalski,Tennis,MEX
ATH277,Emma Garcia,Football,GER
ATH278,Carlos Novak,Swimming,ITA
ATH279,Laura Bianchi279,Football,BRA
ATH280,Rafael Garcia,Cycling,BRA
ATH281,Laura Kowalski,Boxing,ARG
ATH282,Katarina Kowalski,Cycling,CAN
ATH283,Sofia Santos,Swimming,ESP
ATH284,Chris Chen284,Athletics,RSA
ATH285,Carlos Romano285,Swimming,AUT
ATH286,Julian Russo,Athletics,RUS
ATH287,Thomas Santos287,Judo,JPN
ATH288,Elena Eriksson,Football,RUS
ATH289,Clara Kowalski289,Basketball,POR
ATH290,Luis Rossi,Swimming,ITA
ATH291,Lucas Hansen291,Cycling,BRA
ATH292,Nina Hernandez,Football,GRE
ATH293,Thomas Andersen,Cycling,CZE
ATH294,Rafael Costa,Cycling,NOR
ATH295,Julia Novak,Swimming,JPN
ATH296,Thomas Yamamoto,Boxing,FRA
ATH297,Julia Smith,Judo,CHN
ATH298,Ivan Weber,Judo,GER
ATH299,Petra Petit,Athletics,NOR
ATH300,Sofia Taylor,Football,SRB
