actor,total_movies
Anne Freemanix,15
Anne Johanssonova,12
Anne Streepova,20
Brad Deppley,14
Brad Goslingov,13
Brad Lawrenceton,16
Brad Washingtonov,16
Cate Baleston,14
Cate Damonberg A1,15
Charlize Baleston,9
Charlize Deppley,13
Charlize Portmanix,11
Christian Downeyton,12
Christian Hathawayova,10
Christian Lawrenceton,11
Denzel Davisberg,15
Denzel Theronsen,10
Jennifer Damonberg,14
Jennifer Davisberg,7
Jennifer Deppley,6
Jennifer Goslingov,7
Jennifer Portmanix,28
Jennifer Robertsix,10
Jennifer Streepova,12
Johnny DiCapriox,12
Johnny Freemanix,11
Johnny Goslingov,7
Johnny Hanksen,10
Johnny Johanssonova,10
Johnny Pittman,23
Julia Portmanix,19
Julia Washingtonov,10
Leonardo Baleston,11
Leonardo Blanchetten,17
Leonardo Davisberg,12
Leonardo Freemanix A2,20
Matt Bullockova,17
Matt Davisberg,19
Matt Deppley,12
Matt DiCapriox,11
Matt Freemanix,10
Matt Goslingov,11
Matt Hanksen,16
Matt Hathawayova,7
Meryl Davisberg,12
Meryl Hathawayova A3,12
Morgan Davisberg,9
Morgan Deppley,16
Morgan Pittman A5,16
Morgan Streepova,18
Natalie Davisberg,18
Natalie Deppley,9
Natalie Goslingov,12
Natalie Lawrenceton,11
Natalie Portmanix,20
Robert Downeyton,13
Robert Goslingov,13
Robert Hathawayova,13
Robert Streepova,9
Ryan DiCapriox,20
Ryan Lawrenceton,9
Sandra Bullockova,7
Sandra Damonberg,19
Sandra Streepova,11
Sandra Theronsen,13
Sandra Washingtonov,13
Scarlett Damonberg,9
Scarlett Damonberg A4,7
Scarlett Deppley,10
Scarlett Downeyton,11
Scarlett Freemanix,12
Scarlett Washingtonov,14
Tom Downeyton,12
Tom Goslingov,23
Tom Robertsix,14
Tom Streepova A6,16
Tom Theronsen A7,18
Viola Hanksen,9
Viola Theronsen,8
Viola Washingtonov,12
