movie_id,name,director_lastfirst,year,language,genre
MV001,The Broken Reign,"Jacksonov, David",2001,JA,Romance
MV002,The Hollow Shadow,"Kubricksen, Jane",2000,FR,Romance
MV003,The Golden Passage,"Jacksonov, Alfonso",2016,ZH,Thriller
MV004,The Distant Tide,"Kubricksen, Alfonso",2006,AR,Action
MV005,The Falling Passage,"Scottbury, Paul",2020,ES,Comedy
MV006,The Golden Tower,"II, Quentin Coppola",2016,IT,Thriller
MV007,The Burning Frontier,"II, Martin Coppola",2011,KO,Comedy
MV008,The Rising Passage,"Jr, Jane DuVernay",2000,EN,Drama
MV009,The Dark Bridge,"Jacksonov, Paul",2014,PT,Sci-Fi
MV010,The Silent Echo,"Scottbury, David",2012,DE,Sci-Fi
MV011,The Silent Light,"Andersonsen, Steven",2010,JA,Thriller
MV012,The Dark Hour,"Jacksonov, Ridley",2019,IT,Sci-Fi
MV013,The Crimson Reign,"Denisova, Peter",2014,PT,Sci-Fi
MV014,The Iron Hour,"Jacksonov, Quentin",2011,FR,Thriller
MV015,The Hidden Reign,"Tarantinov, Claire",2019,EN,Horror
MV016,The Silent Tide,"II, Denis Coppola",2010,EN,Drama
MV017,The Crimson Passage,"Jr, Steven Coppola",2009,ES,Sci-Fi
MV018,The Hidden Road,"Kubricksen, Claire",2011,JA,Horror
MV019,Broken Storm 19,"Jr, Peter DuVernay",2001,DE,Thriller
MV020,The Iron Light,"Tarantinov, Martin",2016,KO,Romance
MV021,The Hidden Tower,"Jacksonov, Martin",2018,KO,Sci-Fi
MV022,The Crimson Tide,"Cuaronez, David",2003,JA,Drama
MV023,Iron Gate 23,"Bigelowska, Peter",2014,PT,Action
MV024,Hollow Shadow 24,"Cuaronez, Paul",2015,KO,Thriller
MV025,The Final Storm,"Andersonsen, Sofia",2013,DE,Thriller
MV026,Burning Shadow 26,"Finchereux, Jane",2016,PT,Drama
MV027,Lost Shadow 27,"Bigelowska, Kathryn",2001,JA,Thriller
MV028,The Last Light,"Campionette, Greta",2021,PT,Documentary
MV029,The Burning Passage,"Jr, Quentin Coppola",2017,AR,Drama
MV030,The Falling Mirror,"Campionette, Christopher",2023,DE,Documentary
MV031,The Lost Signal,"Scorsetti, Ridley",2023,EN,Romance
MV032,The Burning Bridge,"Campionette, Martin",2018,DE,Horror
MV033,The Distant Frontier,"Scorsetti, Steven",2016,ES,Thriller
MV034,The Final Frontier,"Scorsetti, Stanley",2002,JA,Sci-Fi
MV035,The Iron Passage,"D1, Paul Denisova",2004,FR,Action
MV036,The Broken Light,"D2, Steven Villeneuven",2012,KO,Comedy
MV037,The Rising Shadow,"Jacksonov, Peter",2010,PT,Thriller
MV038,The Crimson Gate,"Villeneuven, Luca",2021,DE,Romance
MV039,Dark Shadow 39,"Kubricksen, Christopher",2022,EN,Action
MV040,The Crimson Mirror,"Scorsetti, Luca",2014,DE,Action
MV041,The Distant Mirror,"Spielmann, Quentin",2023,IT,Thriller
MV042,The Distant Shadow,"Tarantinov, Ridley",2023,ZH,Drama
MV043,The Golden Hour,"Kubricksen, James",2020,AR,Documentary
MV044,The Falling Frontier,"Jacksonov, Sofia",2008,KO,Comedy
MV045,The Iron Tide,"D3, Kathryn Finchereux",2004,ES,Action
MV046,Falling Tower 46,"Scottbury, Martin",2004,IT,Action
MV047,The Lost Gate,"Jr, Christopher Coppola",2006,DE,Comedy
MV048,The Crimson Hour,"Denisova, Sofia",2002,JA,Horror
MV049,The Distant Bridge,"Kubricksen, Greta",2019,EN,Drama
MV050,The Falling Tide,"D4, Claire Bigelowska",2012,EN,Sci-Fi
MV051,Silent Passage 51,"Camerone, Christopher",2008,PT,Comedy
MV052,The Hidden Light,"Nolanberg, Peter",2012,PT,Documentary
MV053,The Lost Shadow,"Andersonsen, Paul",2007,AR,Comedy
MV054,The Falling Storm,"Spielmann, Martin",2001,PT,Drama
MV055,The Rising Mirror,"Jr, Kathryn Guadagnino",2001,PT,Horror
MV056,The Crimson Shadow,"Jr, Sofia Guadagnino",2009,EN,Comedy
MV057,The Silent Passage,"Scorsetti, David",2000,FR,Horror
MV058,The Golden Bridge,"Spielmann, Claire",2004,KO,Comedy
MV059,The Broken Bridge,"D5, Quentin Bigelowska",2006,ZH,Sci-Fi
MV060,The Hidden Storm,"Kubricksen, Peter",2013,IT,Romance
MV061,The Hollow Echo,"Kubricksen, Martin",2018,IT,Action
MV062,The Golden Light,"Jr, Peter Coppola",2006,DE,Horror
MV063,Golden Gate 63,"Scorsetti, Sofia",2013,PT,Horror
MV064,The Dark Tower,"Denisova, Steven",2004,ZH,Sci-Fi
MV065,The Crimson Tower,"Gerwigova, Luca",2013,ES,Sci-Fi
MV066,The Last Shadow,"Jr, Kathryn Coppola",2017,ZH,Comedy
MV067,Final Road 67,"Tarantinov, Steven",2018,JA,Thriller
MV068,The Burning Storm,"Nolanberg, Denis",2008,ZH,Horror
MV069,Crimson Hour 69,"Villeneuven, Jane",2006,AR,Sci-Fi
MV070,Crimson Shadow 70,"Bigelowska, Sofia",2000,AR,Documentary
MV071,Broken Frontier 71,"Finchereux, Greta",2002,AR,Drama
MV072,Distant Mirror 72,"Villeneuven, Denis",2005,IT,Thriller
MV073,The Hidden Hour,"Gerwigova, Greta",2001,JA,Horror
MV074,Golden Bridge 74,"Cuaronez, James",2008,EN,Comedy
MV075,Silent Tide 75,"Jr, Denis Guadagnino",2023,KO,Sci-Fi
MV076,The Burning Hour,"Denisova, David",2015,AR,Action
MV077,The Lost Reign,"Villeneuven, Paul",2002,ZH,Action
MV078,Dark Frontier 78,"Villeneuven, Sofia",2007,ES,Thriller
MV079,The Falling Hour,"Camerone, Quentin",2014,ZH,Comedy
MV080,The Final Mirror,"Gerwigova, Kathryn",2005,KO,Action
MV081,The Broken Passage,"D6, Luca Nolanberg",2021,EN,Drama
MV082,Last Hour 82,"D7, James Cuaronez",2015,ES,Comedy
MV083,The Hollow Bridge,"D8, Sofia Gerwigova",2003,PT,Comedy
MV084,Last Tide 84,"Spielmann, David",2002,EN,Drama
MV085,The Hidden Echo,"Jr, Alfonso DuVernay",2021,JA,Thriller
MV086,The Burning Reign,"Campionette, James",2014,AR,Horror
MV087,The Golden Mirror,"Gerwigova, Alfonso",2010,FR,Action
MV088,The Last Frontier,"D9, James Jacksonov",2019,KO,Comedy
MV089,The Hidden Shadow,"Nolanberg, Paul",2023,JA,Sci-Fi
MV090,The Hidden Frontier,"Scottbury, Luca",2011,KO,Thriller
MV091,The Final Signal,"Gerwigova, Ava",2015,AR,Drama
MV092,The Broken Gate,"Jr, Steven DuVernay",2008,AR,Comedy
MV093,Silent Passage 93,"Denisova, Ridley",2018,IT,Thriller
MV094,The Distant Passage,"D10, Greta Finchereux",2017,PT,Drama
MV095,The Rising Light,"Cuaronez, Francis",2017,AR,Horror
MV096,Crimson Tide 96,"Scottbury, Kathryn",2023,IT,Thriller
MV097,The Iron Signal,"Villeneuven, Alfonso",2010,KO,Romance
MV098,The Crimson Light,"Andersonsen, Greta",2020,ES,Comedy
MV099,The Dark Echo,"Andersonsen, Ava",2021,ES,Documentary
MV100,The Lost Echo,"Denisova, Francis",2010,EN,Action
MV101,Broken Light 101,"D11, Ridley Coppola Jr",2016,IT,Action
MV102,The Lost Tide,"Camerone, Sofia",2004,AR,Thriller
MV103,The Silent Shadow,"Scorsetti, Peter",2021,ES,Romance
MV104,The Falling Echo,"Scottbury, Ava",2021,JA,Romance
MV105,The Broken Echo,"Camerone, Kathryn",2022,ES,Horror
MV106,The Silent Reign,"Tarantinov, Christopher",2018,EN,Horror
MV107,The Silent Hour,"Andersonsen, Francis",2016,ZH,Sci-Fi
MV108,The Hollow Hour,"D12, Greta Scottbury",2021,IT,Documentary
MV109,Hidden Reign 109,"D13, Martin Scorsetti",2008,EN,Comedy
MV110,Silent Shadow 110,"Scottbury, Quentin",2019,IT,Action
MV111,The Falling Bridge,"Finchereux, Peter",2007,KO,Comedy
MV112,The Iron Gate,"Nolanberg, Christopher",2007,IT,Horror
MV113,The Rising Reign,"II, Stanley Coppola",2000,JA,Romance
MV114,Rising Light 114,"Jr, Ridley Guadagnino",2013,EN,Comedy
MV115,The Falling Light,"Andersonsen, Denis",2015,JA,Comedy
MV116,The Dark Frontier,"D14, Quentin Cuaronez",2008,EN,Documentary
MV117,The Lost Road,"D15, Peter Tarantinov",2010,FR,Documentary
MV118,The Crimson Frontier,"Campionette, Luca",2016,ES,Sci-Fi
MV119,Lost Light 119,"Bigelowska, Claire",2009,ZH,Horror
MV120,The Hollow Light,"Denisova, Jane",2015,ZH,Drama
MV121,The Dark Mirror,"Bigelowska, Steven",2023,JA,Sci-Fi
MV122,Broken Road 122,"D16, Alfonso Villeneuven",2012,EN,Drama
MV123,Silent Mirror 123,"D17, Kathryn Andersonsen",2001,ZH,Horror
MV124,The Hidden Bridge,"Scottbury, Greta",2018,ES,Documentary
MV125,The Burning Road,"Denisova, Luca",2009,AR,Action
MV126,The Distant Reign,"D18, Kathryn Scorsetti",2008,EN,Drama
MV127,The Broken Frontier,"Spielmann, Paul",2003,KO,Drama
MV128,The Distant Tower,"Nolanberg, Kathryn",2004,AR,Documentary
MV129,Distant Storm 129,"Kubricksen, Kathryn",2017,IT,Sci-Fi
MV130,Falling Reign 130,"Nolanberg, Greta",2007,ZH,Comedy
MV131,Distant Shadow 131,"D19, Ridley Coppola II",2007,ZH,Horror
MV132,Silent Shadow 132,"D20, Francis Campionette",2007,ES,Thriller
MV133,The Broken Storm,"Spielmann, Kathryn",2014,FR,Sci-Fi
MV134,The Lost Passage,"Tarantinov, Alfonso",2004,IT,Action
MV135,The Burning Tower,"II, Greta Coppola",2003,JA,Sci-Fi
MV136,Silent Frontier 136,"Campionette, Peter",2022,ZH,Sci-Fi
MV137,Broken Shadow 137,"D21, Martin Camerone",2017,PT,Action
MV138,Golden Road 138,"Scorsetti, Claire",2016,DE,Horror
MV139,The Lost Mirror,"II, Ava Coppola",2011,ZH,Drama
MV140,Falling Storm 140,"Jr, Christopher DuVernay",2013,IT,Documentary
MV141,Burning Bridge 141,"II, David Coppola",2023,EN,Thriller
MV142,The Final Road,"Denisova, Stanley",2012,JA,Documentary
MV143,The Last Storm,"Gerwigova, Paul",2013,FR,Romance
MV144,Hollow Road 144,"Kubricksen, Steven",2018,PT,Sci-Fi
MV145,Rising Passage 145,"Scottbury, Claire",2010,IT,Comedy
MV146,The Rising Storm,"Bigelowska, Ava",2009,KO,Documentary
MV147,The Final Echo,"D22, Quentin Finchereux",2002,EN,Comedy
MV148,The Lost Light,"D23, Jane Cuaronez",2007,FR,Sci-Fi
MV149,The Dark Light,"D24, James Nolanberg",2005,DE,Documentary
MV150,Crimson Frontier 150,"D25, Kathryn Coppola Jr",2019,ES,Horror
MV151,Golden Reign 151,"Andersonsen, Martin",2015,DE,Sci-Fi
MV152,Rising Echo 152,"Andersonsen, David",2021,ES,Action
MV153,Distant Hour 153,"D26, David Coppola Jr",2002,ES,Documentary
MV154,Silent Tide 154,"Denisova, Alfonso",2010,JA,Comedy
MV155,Crimson Passage 155,"D27, Sofia Scottbury",2001,DE,Documentary
MV156,Rising Tower 156,"Finchereux, Ridley",2013,JA,Action
MV157,Falling Storm 157,"Camerone, James",2012,IT,Drama
MV158,The Hollow Reign,"D28, Martin Coppola II",2013,DE,Comedy
MV159,The Hidden Gate,"Villeneuven, Kathryn",2004,PT,Documentary
MV160,Golden Gate 160,"D29, Ava Villeneuven",2013,FR,Horror
MV161,Final Echo 161,"D30, Luca Bigelowska",2015,ES,Comedy
MV162,Burning Frontier 162,"D31, Luca Gerwigova",2000,ES,Action
MV163,The Broken Road,"Nolanberg, Luca",2010,ZH,Thriller
MV164,The Falling Shadow,"D32, Stanley Villeneuven",2011,ZH,Sci-Fi
MV165,Hidden Mirror 165,"Andersonsen, Kathryn",2003,FR,Romance
MV166,Distant Tide 166,"Jr, Ava Coppola",2009,FR,Sci-Fi
MV167,The Crimson Echo,"Scottbury, James",2007,DE,Thriller
MV168,The Iron Mirror,"Finchereux, Martin",2015,FR,Sci-Fi
MV169,Crimson Gate 169,"Denisova, Christopher",2015,EN,Sci-Fi
MV170,Lost Frontier 170,"D33, Sofia Gerwigova",2012,IT,Horror
MV171,Last Hour 171,"Gerwigova, Denis",2018,FR,Drama
MV172,The Iron Shadow,"Bigelowska, Stanley",2006,ES,Thriller
MV173,The Golden Tide,"Finchereux, Christopher",2012,DE,Thriller
MV174,The Last Reign,"Jr, Claire Guadagnino",2013,FR,Comedy
MV175,Last Tide 175,"Gerwigova, Ridley",2007,KO,Sci-Fi
MV176,Golden Reign 176,"D34, Peter Camerone",2009,PT,Sci-Fi
MV177,Lost Shadow 177,"D35, Paul Scorsetti",2007,FR,Comedy
MV178,Broken Light 178,"Spielmann, Denis",2019,ZH,Action
MV179,Distant Shadow 179,"Scorsetti, Ava",2005,ZH,Documentary
MV180,The Final Tide,"Jr, Ridley DuVernay",2010,KO,Drama
MV181,The Broken Hour,"D36, Ava Scorsetti",2005,ZH,Action
MV182,Lost Storm 182,"D37, Alfonso Coppola Jr",2019,FR,Drama
MV183,The Iron Reign,"Jacksonov, Kathryn",2010,KO,Romance
MV184,Broken Road 184,"D38, Kathryn Bigelowska",2018,AR,Horror
MV185,Hollow Gate 185,"Scottbury, Peter",2012,ES,Romance
MV186,The Last Mirror,"D39, Greta Gerwigova",2002,FR,Drama
MV187,Distant Bridge 187,"D40, James DuVernay Jr",2003,PT,Documentary
MV188,The Dark Tide,"Nolanberg, James",2002,FR,Comedy
MV189,Hidden Frontier 189,"Jr, Kathryn DuVernay",2002,PT,Action
MV190,Final Shadow 190,"D41, David Coppola Jr",2023,DE,Thriller
MV191,The Broken Signal,"D42, Francis Kubricksen",2000,JA,Sci-Fi
MV192,The Distant Echo,"Spielmann, Luca",2004,IT,Horror
MV193,The Broken Mirror,"D43, Alfonso Andersonsen",2017,ZH,Sci-Fi
MV194,The Distant Hour,"D44, Denis Andersonsen",2013,ES,Sci-Fi
MV195,The Final Bridge,"Campionette, Sofia",2015,EN,Comedy
MV196,Rising Storm 196,"Camerone, Francis",2002,AR,Horror
MV197,The Rising Tower,"Campionette, Kathryn",2022,FR,Romance
MV198,The Last Tower,"Jr, Ava Guadagnino",2020,FR,Thriller
MV199,The Silent Tower,"Jr, David Coppola",2004,DE,Horror
MV200,Final Tide 200,"D45, Quentin Bigelowska",2001,DE,Documentary
MV201,The Hollow Tide,"Jr, Christopher Guadagnino",2000,PT,Comedy
MV202,The Golden Frontier,"Scorsetti, Jane",2015,DE,Comedy
MV203,Hidden Tower 203,"D46, Greta Nolanberg",2005,ZH,Romance
MV204,The Distant Light,"Spielmann, James",2001,ZH,Drama
MV205,The Dark Gate,"Kubricksen, Denis",2004,IT,Romance
MV206,The Hidden Mirror,"Kubricksen, Paul",2009,KO,Romance
MV207,Hidden Frontier 207,"Cuaronez, Sofia",2011,PT,Documentary
MV208,Iron Passage 208,"Gerwigova, Quentin",2021,EN,Comedy
MV209,Crimson Passage 209,"Cuaronez, Jane",2021,PT,Romance
MV210,Final Signal 210,"Bigelowska, Quentin",2022,JA,Documentary
MV211,Golden Tide 211,"D47, Paul Denisova",2011,JA,Comedy
MV212,The Hollow Road,"D48, Jane Denisova",2021,FR,Horror
MV213,Hidden Echo 213,"Bigelowska, James",2018,ZH,Drama
MV214,Crimson Road 214,"Nolanberg, Alfonso",2002,JA,Thriller
MV215,The Hollow Tower,"Cuaronez, Kathryn",2001,IT,Thriller
MV216,The Falling Road,"Jr, Greta DuVernay",2005,DE,Action
MV217,Broken Gate 217,"Nolanberg, Jane",2009,IT,Comedy
MV218,The Falling Gate,"Kubricksen, Stanley",2010,AR,Horror
MV219,Hidden Signal 219,"Tarantinov, Stanley",2003,KO,Drama
MV220,Last Echo 220,"D49, Francis Cuaronez",2001,AR,Comedy
MV221,The Lost Tower,"Jr, Alfonso Coppola",2018,FR,Documentary
MV222,Burning Gate 222,"Jacksonov, Claire",2002,IT,Horror
MV223,Crimson Passage 223,"Tarantinov, Denis",2001,KO,Thriller
MV224,The Hollow Storm,"Cuaronez, Peter",2019,ZH,Thriller
MV225,The Silent Gate,"D50, Stanley Kubricksen",2000,KO,Documentary
MV226,The Last Echo,"Jr, Jane Guadagnino",2006,JA,Action
MV227,Golden Storm 227,"D51, James Tarantinov",2005,PT,Comedy
MV228,Hidden Reign 228,"Villeneuven, Peter",2012,PT,Comedy
MV229,Distant Road 229,"D52, Alfonso Jacksonov",2015,IT,Comedy
MV230,Dark Tide 230,"D53, Ava Finchereux",2003,EN,Romance
MV231,Falling Gate 231,"D54, Francis Jacksonov",2008,EN,Thriller
MV232,The Burning Shadow,"D55, David Bigelowska",2018,KO,Drama
MV233,The Golden Storm,"Jr, Denis Coppola",2009,IT,Sci-Fi
MV234,Hidden Tower 234,"Bigelowska, Paul",2019,EN,Drama
MV235,The Crimson Signal,"D56, Sofia Gerwigova",2016,AR,Horror
MV236,Golden Bridge 236,"Camerone, Alfonso",2002,PT,Thriller
MV237,Falling Tower 237,"Campionette, Stanley",2019,EN,Sci-Fi
MV238,The Silent Storm,"D57, Ridley Andersonsen",2009,PT,Documentary
MV239,Hollow Passage 239,"D58, Martin Nolanberg",2004,PT,Comedy
MV240,Golden Signal 240,"D59, Kathryn Coppola II",2002,JA,Thriller
MV241,Golden Mirror 241,"Denisova, Greta",2014,EN,Romance
MV242,Iron Reign 242,"Jr, Stanley DuVernay",2019,PT,Comedy
MV243,The Dark Storm,"D60, Peter Kubricksen",2008,KO,Thriller
MV244,Lost Storm 244,"Jr, Steven Guadagnino",2005,FR,Thriller
MV245,Rising Bridge 245,"D61, Ridley Bigelowska",2020,DE,Sci-Fi
MV246,Silent Tide 246,"Andersonsen, Luca",2022,FR,Comedy
MV247,Crimson Shadow 247,"Scottbury, Alfonso",2016,AR,Drama
MV248,Last Signal 248,"Finchereux, James",2003,ZH,Documentary
MV249,Distant Echo 249,"Villeneuven, Ridley",2015,ZH,Sci-Fi
MV250,Crimson Storm 250,"Spielmann, Steven",2019,FR,Action
MV251,The Distant Storm,"D62, Ridley Gerwigova",2007,AR,Drama
MV252,Falling Gate 252,"D63, James Scottbury",2022,DE,Documentary
MV253,The Final Shadow,"Jacksonov, Luca",2009,KO,Comedy
MV254,Hidden Hour 254,"D64, Steven Scorsetti",2001,KO,Horror
MV255,Iron Tide 255,"Cuaronez, Ridley",2012,ZH,Romance
MV256,The Burning Gate,"D65, Quentin Guadagnino Jr",2010,ZH,Thriller
MV257,Hidden Reign 257,"Jr, Francis Coppola",2021,PT,Thriller
MV258,The Hollow Mirror,"Campionette, Francis",2005,FR,Comedy
MV259,Rising Mirror 259,"D66, Stanley Gerwigova",2022,AR,Sci-Fi
MV260,The Rising Tide,"D67, James Scorsetti",2015,EN,Drama
MV261,Hidden Tower 261,"D68, Alfonso Coppola Jr",2014,PT,Horror
MV262,The Iron Echo,"D69, Peter Gerwigova",2011,IT,Romance
MV263,Final Tide 263,"D70, David Nolanberg",2016,ES,Romance
MV264,Falling Hour 264,"Campionette, Claire",2009,ZH,Documentary
MV265,Dark Frontier 265,"D71, Ridley Scottbury",2009,JA,Action
MV266,The Hollow Frontier,"Jr, Francis Guadagnino",2020,ES,Drama
MV267,Silent Passage 267,"D72, Sofia Campionette",2022,EN,Thriller
MV268,Lost Light 268,"Finchereux, David",2012,FR,Drama
MV269,Hollow Road 269,"Kubricksen, Francis",2013,EN,Sci-Fi
MV270,Hidden Tide 270,"D73, Francis Tarantinov",2007,ES,Comedy
MV271,Last Tide 271,"D74, Jane Andersonsen",2009,DE,Action
MV272,Distant Mirror 272,"D75, Francis Scottbury",2021,ES,Action
MV273,Burning Mirror 273,"D76, Sofia Coppola II",2010,JA,Comedy
MV274,The Rising Echo,"Andersonsen, James",2006,DE,Drama
MV275,Lost Signal 275,"Andersonsen, Jane",2007,ES,Action
MV276,Iron Road 276,"Gerwigova, Martin",2014,PT,Comedy
MV277,Silent Echo 277,"Jacksonov, Stanley",2004,JA,Comedy
MV278,Final Road 278,"D77, Ava Cuaronez",2022,FR,Comedy
MV279,Rising Bridge 279,"Scorsetti, Alfonso",2004,ZH,Action
MV280,Dark Bridge 280,"D78, Jane Andersonsen",2001,PT,Sci-Fi
MV281,The Iron Frontier,"D79, Peter Villeneuven",2002,FR,Documentary
MV282,Dark Hour 282,"D80, Jane Andersonsen",2001,KO,Drama
MV283,Broken Shadow 283,"D81, Peter Jacksonov",2018,ES,Documentary
MV284,Burning Tide 284,"D82, Paul Kubricksen",2003,ES,Comedy
MV285,Golden Bridge 285,"Tarantinov, Francis",2004,JA,Action
MV286,Dark Signal 286,"D83, Jane Bigelowska",2003,EN,Drama
MV287,Distant Hour 287,"Denisova, Martin",2014,EN,Thriller
MV288,The Rising Frontier,"Nolanberg, Francis",2004,ES,Comedy
MV289,Burning Light 289,"D84, Paul Denisova",2004,PT,Romance
MV290,The Dark Road,"D85, Paul Scorsetti",2023,DE,Sci-Fi
MV291,Broken Road 291,"D86, Sofia Guadagnino Jr",2002,FR,Horror
MV292,Dark Tide 292,"D87, Stanley Villeneuven",2009,DE,Action
MV293,Falling Passage 293,"D88, Denis Kubricksen",2010,ZH,Thriller
MV294,The Hidden Signal,"Finchereux, Kathryn",2022,AR,Action
MV295,Lost Mirror 295,"D89, Claire DuVernay Jr",2010,AR,Documentary
MV296,The Broken Shadow,"D90, Peter Spielmann",2018,FR,Horror
MV297,Crimson Bridge 297,"D91, Steven Coppola Jr",2007,PT,Drama
MV298,Final Storm 298,"D92, Christopher Campionette",2022,FR,Action
MV299,The Burning Tide,"Spielmann, Greta",2015,FR,Romance
MV300,The Burning Mirror,"Nolanberg, Stanley",2013,ES,Drama
