movie_id,name,year,actor
MV001,The Broken Reign,2001,Charlize Baleston
MV001,The Broken Reign,2001,Ryan DiCapriox
MV001,The Broken Reign,2001,Matt Freemanix
MV002,The Hollow Shadow,2000,Matt Hanksen
MV002,The Hollow Shadow,2000,Tom Robertsix
MV002,The Hollow Shadow,2000,Sandra Streepova
MV003,The Golden Passage,2016,Ryan DiCapriox
MV003,The Golden Passage,2016,Scarlett Deppley
MV003,The Golden Passage,2016,Johnny Goslingov
MV003,The Golden Passage,2016,Sandra Damonberg
MV003,The Golden Passage,2016,Brad Goslingov
MV004,The Distant Tide,2006,Johnny Freemanix
MV004,The Distant Tide,2006,Matt Deppley
MV004,The Distant Tide,2006,Morgan Davisberg
MV004,The Distant Tide,2006,Tom Streepova A6
MV005,The Falling Passage,2020,Johnny Freemanix
MV005,The Falling Passage,2020,Leonardo Baleston
MV005,The Falling Passage,2020,Cate Damonberg A1
MV006,The Golden Tower,2016,Matt Hathawayova
MV006,The Golden Tower,2016,Sandra Bullockova
MV006,The Golden Tower,2016,Jennifer Damonberg
MV006,The Golden Tower,2016,Matt DiCapriox
MV006,The Golden Tower,2016,Matt Hanksen
MV007,The Burning Frontier,2011,Viola Hanksen
MV007,The Burning Frontier,2011,Morgan Streepova
MV008,The Rising Passage,2000,Morgan Pittman A5
MV008,The Rising Passage,2000,Tom Streepova A6
MV008,The Rising Passage,2000,Johnny DiCapriox
MV008,The Rising Passage,2000,Sandra Theronsen
MV009,The Dark Bridge,2014,Brad Washingtonov
MV009,The Dark Bridge,2014,Matt Davisberg
MV010,The Silent Echo,2012,Tom Streepova A6
MV010,The Silent Echo,2012,Christian Hathawayova
MV010,The Silent Echo,2012,Anne Freemanix
MV011,The Silent Light,2010,Natalie Portmanix
MV011,The Silent Light,2010,Robert Streepova
MV011,The Silent Light,2010,Matt Bullockova
MV011,The Silent Light,2010,Matt Davisberg
MV011,The Silent Light,2010,Tom Goslingov
MV012,The Dark Hour,2019,Tom Streepova A6
MV012,The Dark Hour,2019,Johnny Goslingov
MV012,The Dark Hour,2019,Brad Washingtonov
MV013,The Crimson Reign,2014,Matt Davisberg
MV013,The Crimson Reign,2014,Johnny Johanssonova
MV013,The Crimson Reign,2014,Matt DiCapriox
MV014,The Iron Hour,2011,Anne Streepova
MV014,The Iron Hour,2011,Tom Streepova A6
MV015,The Hidden Reign,2019,Julia Portmanix
MV015,The Hidden Reign,2019,Johnny Pittman
MV016,The Silent Tide,2010,Jennifer Damonberg
MV016,The Silent Tide,2010,Meryl Hathawayova A3
MV017,The Crimson Passage,2009,Cate Damonberg A1
MV017,The Crimson Passage,2009,Scarlett Freemanix
MV017,The Crimson Passage,2009,Leonardo Baleston
MV018,The Hidden Road,2011,Natalie Deppley
MV018,The Hidden Road,2011,Matt Bullockova
MV018,The Hidden Road,2011,Charlize Deppley
MV018,The Hidden Road,2011,Sandra Theronsen
MV018,The Hidden Road,2011,Tom Goslingov
MV019,Broken Storm 19,2001,Sandra Washingtonov
MV019,Broken Storm 19,2001,Jennifer Robertsix
MV019,Broken Storm 19,2001,Tom Robertsix
MV020,The Iron Light,2016,Jennifer Portmanix
MV020,The Iron Light,2016,Matt Freemanix
MV020,The Iron Light,2016,Natalie Davisberg
MV020,The Iron Light,2016,Natalie Goslingov
MV020,The Iron Light,2016,Sandra Damonberg
MV021,The Hidden Tower,2018,Julia Portmanix
MV021,The Hidden Tower,2018,Scarlett Washingtonov
MV021,The Hidden Tower,2018,Matt Goslingov
MV021,The Hidden Tower,2018,Jennifer Deppley
MV022,The Crimson Tide,2003,Scarlett Washingtonov
MV022,The Crimson Tide,2003,Matt Freemanix
MV023,Iron Gate 23,2014,Sandra Damonberg
MV023,Iron Gate 23,2014,Robert Streepova
MV023,Iron Gate 23,2014,Matt Freemanix
MV023,Iron Gate 23,2014,Leonardo Davisberg
MV024,Hollow Shadow 24,2015,Scarlett Damonberg
MV024,Hollow Shadow 24,2015,Jennifer Robertsix
MV024,Hollow Shadow 24,2015,Tom Streepova A6
MV024,Hollow Shadow 24,2015,Christian Downeyton
MV024,Hollow Shadow 24,2015,Robert Goslingov
MV025,The Final Storm,2013,Sandra Streepova
MV025,The Final Storm,2013,Viola Theronsen
MV026,Burning Shadow 26,2016,Morgan Pittman A5
MV026,Burning Shadow 26,2016,Christian Hathawayova
MV026,Burning Shadow 26,2016,Christian Lawrenceton
MV026,Burning Shadow 26,2016,Leonardo Freemanix A2
MV027,Lost Shadow 27,2001,Jennifer Damonberg
MV027,Lost Shadow 27,2001,Matt Deppley
MV027,Lost Shadow 27,2001,Matt Freemanix
MV027,Lost Shadow 27,2001,Jennifer Portmanix
MV028,The Last Light,2021,Morgan Davisberg
MV028,The Last Light,2021,Tom Theronsen A7
MV028,The Last Light,2021,Jennifer Portmanix
MV029,The Burning Passage,2017,Tom Downeyton
MV029,The Burning Passage,2017,Natalie Lawrenceton
MV029,The Burning Passage,2017,Tom Goslingov
MV029,The Burning Passage,2017,Tom Robertsix
MV029,The Burning Passage,2017,Sandra Streepova
MV030,The Falling Mirror,2023,Tom Downeyton
MV030,The Falling Mirror,2023,Christian Lawrenceton
MV030,The Falling Mirror,2023,Sandra Washingtonov
MV031,The Lost Signal,2023,Sandra Bullockova
MV031,The Lost Signal,2023,Morgan Pittman A5
MV032,The Burning Bridge,2018,Scarlett Freemanix
MV032,The Burning Bridge,2018,Christian Lawrenceton
MV032,The Burning Bridge,2018,Scarlett Deppley
MV032,The Burning Bridge,2018,Johnny DiCapriox
MV032,The Burning Bridge,2018,Scarlett Washingtonov
MV033,The Distant Frontier,2016,Morgan Davisberg
MV033,The Distant Frontier,2016,Matt Davisberg
MV034,The Final Frontier,2002,Jennifer Damonberg
MV034,The Final Frontier,2002,Julia Washingtonov
MV035,The Iron Passage,2004,Scarlett Damonberg A4
MV035,The Iron Passage,2004,Julia Portmanix
MV035,The Iron Passage,2004,Sandra Theronsen
MV035,The Iron Passage,2004,Johnny Hanksen
MV035,The Iron Passage,2004,Tom Goslingov
MV036,The Broken Light,2012,Johnny Pittman
MV036,The Broken Light,2012,Sandra Streepova
MV036,The Broken Light,2012,Morgan Streepova
MV036,The Broken Light,2012,Morgan Pittman A5
MV037,The Rising Shadow,2010,Anne Streepova
MV037,The Rising Shadow,2010,Leonardo Blanchetten
MV038,The Crimson Gate,2021,Brad Goslingov
MV038,The Crimson Gate,2021,Johnny Johanssonova
MV038,The Crimson Gate,2021,Johnny Goslingov
MV039,Dark Shadow 39,2022,Christian Downeyton
MV039,Dark Shadow 39,2022,Matt Davisberg
MV039,Dark Shadow 39,2022,Johnny Hanksen
MV039,Dark Shadow 39,2022,Charlize Portmanix
MV040,The Crimson Mirror,2014,Tom Theronsen A7
MV040,The Crimson Mirror,2014,Morgan Pittman A5
MV040,The Crimson Mirror,2014,Scarlett Freemanix
MV041,The Distant Mirror,2023,Ryan Lawrenceton
MV041,The Distant Mirror,2023,Matt Davisberg
MV042,The Distant Shadow,2023,Natalie Deppley
MV042,The Distant Shadow,2023,Anne Streepova
MV042,The Distant Shadow,2023,Leonardo Blanchetten
MV042,The Distant Shadow,2023,Matt DiCapriox
MV042,The Distant Shadow,2023,Brad Deppley
MV043,The Golden Hour,2020,Sandra Washingtonov
MV043,The Golden Hour,2020,Viola Theronsen
MV043,The Golden Hour,2020,Morgan Deppley
MV043,The Golden Hour,2020,Johnny Pittman
MV043,The Golden Hour,2020,Denzel Davisberg
MV044,The Falling Frontier,2008,Robert Hathawayova
MV044,The Falling Frontier,2008,Robert Goslingov
MV044,The Falling Frontier,2008,Brad Goslingov
MV045,The Iron Tide,2004,Robert Downeyton
MV045,The Iron Tide,2004,Natalie Portmanix
MV046,Falling Tower 46,2004,Johnny Pittman
MV046,Falling Tower 46,2004,Robert Downeyton
MV046,Falling Tower 46,2004,Anne Freemanix
MV046,Falling Tower 46,2004,Viola Washingtonov
MV047,The Lost Gate,2006,Jennifer Damonberg
MV047,The Lost Gate,2006,Cate Damonberg A1
MV047,The Lost Gate,2006,Scarlett Downeyton
MV047,The Lost Gate,2006,Ryan Lawrenceton
MV048,The Crimson Hour,2002,Julia Washingtonov
MV048,The Crimson Hour,2002,Tom Goslingov
MV048,The Crimson Hour,2002,Leonardo Davisberg
MV048,The Crimson Hour,2002,Morgan Pittman A5
MV048,The Crimson Hour,2002,Johnny Pittman
MV049,The Distant Bridge,2019,Morgan Streepova
MV049,The Distant Bridge,2019,Brad Goslingov
MV050,The Falling Tide,2012,Sandra Streepova
MV050,The Falling Tide,2012,Robert Hathawayova
MV050,The Falling Tide,2012,Brad Lawrenceton
MV051,Silent Passage 51,2008,Sandra Washingtonov
MV051,Silent Passage 51,2008,Leonardo Freemanix A2
MV051,Silent Passage 51,2008,Sandra Damonberg
MV051,Silent Passage 51,2008,Tom Goslingov
MV051,Silent Passage 51,2008,Tom Theronsen A7
MV052,The Hidden Light,2012,Leonardo Blanchetten
MV052,The Hidden Light,2012,Jennifer Davisberg
MV052,The Hidden Light,2012,Matt Deppley
MV052,The Hidden Light,2012,Morgan Deppley
MV053,The Lost Shadow,2007,Charlize Baleston
MV053,The Lost Shadow,2007,Brad Washingtonov
MV053,The Lost Shadow,2007,Christian Downeyton
MV054,The Falling Storm,2001,Matt Hanksen
MV054,The Falling Storm,2001,Ryan DiCapriox
MV054,The Falling Storm,2001,Charlize Portmanix
MV054,The Falling Storm,2001,Jennifer Goslingov
MV054,The Falling Storm,2001,Matt Freemanix
MV055,The Rising Mirror,2001,Scarlett Freemanix
MV055,The Rising Mirror,2001,Anne Johanssonova
MV055,The Rising Mirror,2001,Leonardo Freemanix A2
MV055,The Rising Mirror,2001,Matt Deppley
MV055,The Rising Mirror,2001,Viola Theronsen
MV056,The Crimson Shadow,2009,Leonardo Freemanix A2
MV056,The Crimson Shadow,2009,Scarlett Freemanix
MV056,The Crimson Shadow,2009,Denzel Davisberg
MV056,The Crimson Shadow,2009,Morgan Streepova
MV057,The Silent Passage,2000,Christian Downeyton
MV057,The Silent Passage,2000,Julia Portmanix
MV057,The Silent Passage,2000,Jennifer Portmanix
MV058,The Golden Bridge,2004,Leonardo Freemanix A2
MV058,The Golden Bridge,2004,Leonardo Davisberg
MV058,The Golden Bridge,2004,Morgan Deppley
MV059,The Broken Bridge,2006,Ryan Lawrenceton
MV059,The Broken Bridge,2006,Morgan Pittman A5
MV060,The Hidden Storm,2013,Leonardo Blanchetten
MV060,The Hidden Storm,2013,Matt Hathawayova
MV060,The Hidden Storm,2013,Leonardo Freemanix A2
MV060,The Hidden Storm,2013,Johnny Johanssonova
MV061,The Hollow Echo,2018,Charlize Deppley
MV061,The Hollow Echo,2018,Ryan DiCapriox
MV062,The Golden Light,2006,Anne Streepova
MV062,The Golden Light,2006,Anne Freemanix
MV062,The Golden Light,2006,Christian Lawrenceton
MV062,The Golden Light,2006,Tom Goslingov
MV063,Golden Gate 63,2013,Matt Hathawayova
MV063,Golden Gate 63,2013,Meryl Hathawayova A3
MV063,Golden Gate 63,2013,Matt Bullockova
MV064,The Dark Tower,2004,Brad Deppley
MV064,The Dark Tower,2004,Robert Goslingov
MV064,The Dark Tower,2004,Julia Portmanix
MV064,The Dark Tower,2004,Matt Goslingov
MV064,The Dark Tower,2004,Leonardo Freemanix A2
MV065,The Crimson Tower,2013,Leonardo Freemanix A2
MV065,The Crimson Tower,2013,Anne Streepova
MV066,The Last Shadow,2017,Matt Hanksen
MV066,The Last Shadow,2017,Natalie Deppley
MV066,The Last Shadow,2017,Viola Theronsen
MV067,Final Road 67,2018,Johnny Pittman
MV067,Final Road 67,2018,Jennifer Goslingov
MV067,Final Road 67,2018,Cate Baleston
MV068,The Burning Storm,2008,Robert Downeyton
MV068,The Burning Storm,2008,Natalie Portmanix
MV068,The Burning Storm,2008,Charlize Deppley
MV068,The Burning Storm,2008,Brad Lawrenceton
MV069,Crimson Hour 69,2006,Sandra Theronsen
MV069,Crimson Hour 69,2006,Scarlett Damonberg
MV070,Crimson Shadow 70,2000,Johnny Pittman
MV070,Crimson Shadow 70,2000,Johnny DiCapriox
MV070,Crimson Shadow 70,2000,Robert Downeyton
MV070,Crimson Shadow 70,2000,Jennifer Portmanix
MV070,Crimson Shadow 70,2000,Matt Davisberg
MV071,Broken Frontier 71,2002,Anne Streepova
MV071,Broken Frontier 71,2002,Cate Baleston
MV071,Broken Frontier 71,2002,Sandra Theronsen
MV072,Distant Mirror 72,2005,Jennifer Streepova
MV072,Distant Mirror 72,2005,Matt Hanksen
MV072,Distant Mirror 72,2005,Matt Bullockova
MV073,The Hidden Hour,2001,Natalie Davisberg
MV073,The Hidden Hour,2001,Charlize Deppley
MV073,The Hidden Hour,2001,Scarlett Freemanix
MV073,The Hidden Hour,2001,Leonardo Blanchetten
MV073,The Hidden Hour,2001,Matt Goslingov
MV074,Golden Bridge 74,2008,Matt Freemanix
MV074,Golden Bridge 74,2008,Brad Deppley
MV075,Silent Tide 75,2023,Natalie Davisberg
MV075,Silent Tide 75,2023,Anne Johanssonova
MV075,Silent Tide 75,2023,Scarlett Damonberg
MV075,Silent Tide 75,2023,Johnny DiCapriox
MV075,Silent Tide 75,2023,Christian Lawrenceton
MV076,The Burning Hour,2015,Scarlett Downeyton
MV076,The Burning Hour,2015,Johnny Pittman
MV076,The Burning Hour,2015,Jennifer Deppley
MV076,The Burning Hour,2015,Denzel Davisberg
MV076,The Burning Hour,2015,Natalie Deppley
MV077,The Lost Reign,2002,Scarlett Washingtonov
MV077,The Lost Reign,2002,Cate Baleston
MV078,Dark Frontier 78,2007,Meryl Hathawayova A3
MV078,Dark Frontier 78,2007,Charlize Baleston
MV079,The Falling Hour,2014,Scarlett Downeyton
MV079,The Falling Hour,2014,Brad Washingtonov
MV080,The Final Mirror,2005,Julia Washingtonov
MV080,The Final Mirror,2005,Morgan Pittman A5
MV081,The Broken Passage,2021,Ryan Lawrenceton
MV081,The Broken Passage,2021,Jennifer Streepova
MV081,The Broken Passage,2021,Jennifer Damonberg
MV081,The Broken Passage,2021,Tom Downeyton
MV082,Last Hour 82,2015,Charlize Baleston
MV082,Last Hour 82,2015,Viola Washingtonov
MV083,The Hollow Bridge,2003,Natalie Portmanix
MV083,The Hollow Bridge,2003,Christian Downeyton
MV083,The Hollow Bridge,2003,Brad Deppley
MV084,Last Tide 84,2002,Matt Bullockova
MV084,Last Tide 84,2002,Robert Goslingov
MV084,Last Tide 84,2002,Tom Robertsix
MV084,Last Tide 84,2002,Charlize Portmanix
MV085,The Hidden Echo,2021,Robert Downeyton
MV085,The Hidden Echo,2021,Johnny Pittman
MV086,The Burning Reign,2014,Ryan DiCapriox
MV086,The Burning Reign,2014,Jennifer Portmanix
MV086,The Burning Reign,2014,Leonardo Freemanix A2
MV086,The Burning Reign,2014,Charlize Deppley
MV087,The Golden Mirror,2010,Natalie Portmanix
MV087,The Golden Mirror,2010,Johnny Pittman
MV087,The Golden Mirror,2010,Denzel Theronsen
MV088,The Last Frontier,2019,Scarlett Washingtonov
MV088,The Last Frontier,2019,Cate Baleston
MV088,The Last Frontier,2019,Matt Bullockova
MV088,The Last Frontier,2019,Leonardo Blanchetten
MV089,The Hidden Shadow,2023,Sandra Damonberg
MV089,The Hidden Shadow,2023,Matt Deppley
MV089,The Hidden Shadow,2023,Matt Hanksen
MV090,The Hidden Frontier,2011,Tom Robertsix
MV090,The Hidden Frontier,2011,Anne Streepova
MV090,The Hidden Frontier,2011,Johnny Freemanix
MV091,The Final Signal,2015,Meryl Hathawayova A3
MV091,The Final Signal,2015,Julia Portmanix
MV091,The Final Signal,2015,Charlize Baleston
MV091,The Final Signal,2015,Tom Robertsix
MV092,The Broken Gate,2008,Jennifer Goslingov
MV092,The Broken Gate,2008,Matt Goslingov
MV093,Silent Passage 93,2018,Brad Washingtonov
MV093,Silent Passage 93,2018,Tom Goslingov
MV093,Silent Passage 93,2018,Tom Streepova A6
MV093,Silent Passage 93,2018,Leonardo Blanchetten
MV094,The Distant Passage,2017,Johnny Hanksen
MV094,The Distant Passage,2017,Morgan Deppley
MV095,The Rising Light,2017,Anne Streepova
MV095,The Rising Light,2017,Jennifer Streepova
MV095,The Rising Light,2017,Natalie Portmanix
MV095,The Rising Light,2017,Leonardo Baleston
MV096,Crimson Tide 96,2023,Scarlett Freemanix
MV096,Crimson Tide 96,2023,Tom Goslingov
MV096,Crimson Tide 96,2023,Scarlett Damonberg
MV096,Crimson Tide 96,2023,Christian Hathawayova
MV096,Crimson Tide 96,2023,Brad Washingtonov
MV097,The Iron Signal,2010,Morgan Deppley
MV097,The Iron Signal,2010,Scarlett Freemanix
MV097,The Iron Signal,2010,Leonardo Davisberg
MV097,The Iron Signal,2010,Robert Goslingov
MV097,The Iron Signal,2010,Tom Goslingov
MV098,The Crimson Light,2020,Johnny Hanksen
MV098,The Crimson Light,2020,Anne Johanssonova
MV098,The Crimson Light,2020,Natalie Portmanix
MV099,The Dark Echo,2021,Scarlett Washingtonov
MV099,The Dark Echo,2021,Anne Johanssonova
MV100,The Lost Echo,2010,Natalie Goslingov
MV100,The Lost Echo,2010,Tom Robertsix
MV100,The Lost Echo,2010,Natalie Davisberg
MV101,Broken Light 101,2016,Scarlett Damonberg
MV101,Broken Light 101,2016,Cate Damonberg A1
MV101,Broken Light 101,2016,Matt Hanksen
MV102,The Lost Tide,2004,Julia Portmanix
MV102,The Lost Tide,2004,Viola Theronsen
MV102,The Lost Tide,2004,Matt Davisberg
MV102,The Lost Tide,2004,Scarlett Deppley
MV103,The Silent Shadow,2021,Scarlett Deppley
MV103,The Silent Shadow,2021,Tom Theronsen A7
MV103,The Silent Shadow,2021,Ryan DiCapriox
MV104,The Falling Echo,2021,Natalie Lawrenceton
MV104,The Falling Echo,2021,Leonardo Baleston
MV104,The Falling Echo,2021,Anne Freemanix
MV104,The Falling Echo,2021,Brad Lawrenceton
MV104,The Falling Echo,2021,Sandra Washingtonov
MV105,The Broken Echo,2022,Johnny Pittman
MV105,The Broken Echo,2022,Jennifer Damonberg
MV105,The Broken Echo,2022,Leonardo Freemanix A2
MV106,The Silent Reign,2018,Christian Hathawayova
MV106,The Silent Reign,2018,Anne Streepova
MV107,The Silent Hour,2016,Scarlett Downeyton
MV107,The Silent Hour,2016,Viola Washingtonov
MV107,The Silent Hour,2016,Johnny Pittman
MV107,The Silent Hour,2016,Johnny Freemanix
MV108,The Hollow Hour,2021,Julia Portmanix
MV108,The Hollow Hour,2021,Jennifer Davisberg
MV108,The Hollow Hour,2021,Anne Streepova
MV109,Hidden Reign 109,2008,Scarlett Downeyton
MV109,Hidden Reign 109,2008,Johnny Pittman
MV109,Hidden Reign 109,2008,Matt Bullockova
MV109,Hidden Reign 109,2008,Leonardo Blanchetten
MV109,Hidden Reign 109,2008,Scarlett Freemanix
MV110,Silent Shadow 110,2019,Johnny Goslingov
MV110,Silent Shadow 110,2019,Christian Downeyton
MV110,Silent Shadow 110,2019,Brad Deppley
MV111,The Falling Bridge,2007,Matt Davisberg
MV111,The Falling Bridge,2007,Ryan DiCapriox
MV112,The Iron Gate,2007,Johnny Freemanix
MV112,The Iron Gate,2007,Morgan Deppley
MV112,The Iron Gate,2007,Matt DiCapriox
MV112,The Iron Gate,2007,Matt Davisberg
MV113,The Rising Reign,2000,Meryl Davisberg
MV113,The Rising Reign,2000,Robert Streepova
MV113,The Rising Reign,2000,Robert Hathawayova
MV113,The Rising Reign,2000,Leonardo Freemanix A2
MV114,Rising Light 114,2013,Tom Theronsen A7
MV114,Rising Light 114,2013,Denzel Davisberg
MV114,Rising Light 114,2013,Morgan Deppley
MV114,Rising Light 114,2013,Johnny Freemanix
MV115,The Falling Light,2015,Robert Streepova
MV115,The Falling Light,2015,Sandra Damonberg
MV115,The Falling Light,2015,Morgan Streepova
MV115,The Falling Light,2015,Morgan Davisberg
MV116,The Dark Frontier,2008,Sandra Washingtonov
MV116,The Dark Frontier,2008,Tom Theronsen A7
MV116,The Dark Frontier,2008,Morgan Pittman A5
MV116,The Dark Frontier,2008,Leonardo Freemanix A2
MV116,The Dark Frontier,2008,Scarlett Downeyton
MV117,The Lost Road,2010,Sandra Theronsen
MV117,The Lost Road,2010,Tom Goslingov
MV117,The Lost Road,2010,Leonardo Freemanix A2
MV117,The Lost Road,2010,Brad Lawrenceton
MV117,The Lost Road,2010,Tom Streepova A6
MV118,The Crimson Frontier,2016,Robert Streepova
MV118,The Crimson Frontier,2016,Anne Johanssonova
MV118,The Crimson Frontier,2016,Meryl Davisberg
MV118,The Crimson Frontier,2016,Julia Washingtonov
MV119,Lost Light 119,2009,Meryl Hathawayova A3
MV119,Lost Light 119,2009,Meryl Davisberg
MV119,Lost Light 119,2009,Ryan DiCapriox
MV120,The Hollow Light,2015,Morgan Deppley
MV120,The Hollow Light,2015,Christian Lawrenceton
MV120,The Hollow Light,2015,Charlize Portmanix
MV120,The Hollow Light,2015,Meryl Davisberg
MV121,The Dark Mirror,2023,Cate Damonberg A1
MV121,The Dark Mirror,2023,Leonardo Davisberg
MV121,The Dark Mirror,2023,Ryan DiCapriox
MV122,Broken Road 122,2012,Charlize Deppley
MV122,Broken Road 122,2012,Leonardo Freemanix A2
MV122,Broken Road 122,2012,Brad Lawrenceton
MV123,Silent Mirror 123,2001,Morgan Streepova
MV123,Silent Mirror 123,2001,Meryl Davisberg
MV123,Silent Mirror 123,2001,Anne Freemanix
MV123,Silent Mirror 123,2001,Robert Goslingov
MV123,Silent Mirror 123,2001,Leonardo Blanchetten
MV124,The Hidden Bridge,2018,Anne Freemanix
MV124,The Hidden Bridge,2018,Ryan Lawrenceton
MV125,The Burning Road,2009,Natalie Portmanix
MV125,The Burning Road,2009,Robert Downeyton
MV125,The Burning Road,2009,Natalie Goslingov
MV126,The Distant Reign,2008,Scarlett Washingtonov
MV126,The Distant Reign,2008,Jennifer Robertsix
MV126,The Distant Reign,2008,Cate Damonberg A1
MV126,The Distant Reign,2008,Matt Hanksen
MV126,The Distant Reign,2008,Charlize Portmanix
MV127,The Broken Frontier,2003,Tom Goslingov
MV127,The Broken Frontier,2003,Matt DiCapriox
MV127,The Broken Frontier,2003,Charlize Deppley
MV128,The Distant Tower,2004,Matt DiCapriox
MV128,The Distant Tower,2004,Johnny Hanksen
MV128,The Distant Tower,2004,Julia Washingtonov
MV128,The Distant Tower,2004,Tom Goslingov
MV129,Distant Storm 129,2017,Anne Freemanix
MV129,Distant Storm 129,2017,Morgan Deppley
MV129,Distant Storm 129,2017,Tom Downeyton
MV130,Falling Reign 130,2007,Scarlett Damonberg A4
MV130,Falling Reign 130,2007,Leonardo Blanchetten
MV131,Distant Shadow 131,2007,Brad Lawrenceton
MV131,Distant Shadow 131,2007,Meryl Davisberg
MV132,Silent Shadow 132,2007,Julia Portmanix
MV132,Silent Shadow 132,2007,Scarlett Washingtonov
MV132,Silent Shadow 132,2007,Scarlett Downeyton
MV132,Silent Shadow 132,2007,Brad Lawrenceton
MV132,Silent Shadow 132,2007,Morgan Streepova
MV133,The Broken Storm,2014,Jennifer Portmanix
MV133,The Broken Storm,2014,Brad Lawrenceton
MV133,The Broken Storm,2014,Scarlett Deppley
MV133,The Broken Storm,2014,Brad Goslingov
MV134,The Lost Passage,2004,Scarlett Downeyton
MV134,The Lost Passage,2004,Morgan Pittman A5
MV135,The Burning Tower,2003,Scarlett Damonberg A4
MV135,The Burning Tower,2003,Leonardo Blanchetten
MV135,The Burning Tower,2003,Tom Robertsix
MV135,The Burning Tower,2003,Matt Hanksen
MV135,The Burning Tower,2003,Jennifer Deppley
MV136,Silent Frontier 136,2022,Leonardo Baleston
MV136,Silent Frontier 136,2022,Scarlett Damonberg
MV136,Silent Frontier 136,2022,Brad Lawrenceton
MV136,Silent Frontier 136,2022,Leonardo Davisberg
MV136,Silent Frontier 136,2022,Johnny Pittman
MV137,Broken Shadow 137,2017,Tom Theronsen A7
MV137,Broken Shadow 137,2017,Julia Portmanix
MV137,Broken Shadow 137,2017,Robert Downeyton
MV137,Broken Shadow 137,2017,Jennifer Goslingov
MV138,Golden Road 138,2016,Brad Goslingov
MV138,Golden Road 138,2016,Morgan Streepova
MV138,Golden Road 138,2016,Jennifer Portmanix
MV139,The Lost Mirror,2011,Anne Streepova
MV139,The Lost Mirror,2011,Cate Baleston
MV139,The Lost Mirror,2011,Charlize Portmanix
MV140,Falling Storm 140,2013,Scarlett Freemanix
MV140,Falling Storm 140,2013,Scarlett Washingtonov
MV140,Falling Storm 140,2013,Sandra Damonberg
MV140,Falling Storm 140,2013,Denzel Theronsen
MV141,Burning Bridge 141,2023,Viola Washingtonov
MV141,Burning Bridge 141,2023,Johnny Johanssonova
MV141,Burning Bridge 141,2023,Scarlett Deppley
MV142,The Final Road,2012,Anne Johanssonova
MV142,The Final Road,2012,Robert Hathawayova
MV142,The Final Road,2012,Robert Goslingov
MV142,The Final Road,2012,Christian Hathawayova
MV142,The Final Road,2012,Christian Lawrenceton
MV143,The Last Storm,2013,Tom Robertsix
MV143,The Last Storm,2013,Matt Freemanix
MV143,The Last Storm,2013,Leonardo Davisberg
MV144,Hollow Road 144,2018,Scarlett Washingtonov
MV144,Hollow Road 144,2018,Matt Davisberg
MV144,Hollow Road 144,2018,Robert Hathawayova
MV144,Hollow Road 144,2018,Morgan Pittman A5
MV145,Rising Passage 145,2010,Brad Deppley
MV145,Rising Passage 145,2010,Matt Hathawayova
MV146,The Rising Storm,2009,Leonardo Freemanix A2
MV146,The Rising Storm,2009,Matt DiCapriox
MV147,The Final Echo,2002,Natalie Davisberg
MV147,The Final Echo,2002,Matt Davisberg
MV148,The Lost Light,2007,Leonardo Blanchetten
MV148,The Lost Light,2007,Cate Damonberg A1
MV148,The Lost Light,2007,Tom Goslingov
MV148,The Lost Light,2007,Viola Hanksen
MV148,The Lost Light,2007,Robert Streepova
MV149,The Dark Light,2005,Leonardo Blanchetten
MV149,The Dark Light,2005,Brad Lawrenceton
MV149,The Dark Light,2005,Matt Davisberg
MV149,The Dark Light,2005,Christian Downeyton
MV149,The Dark Light,2005,Charlize Deppley
MV150,Crimson Frontier 150,2019,Brad Goslingov
MV150,Crimson Frontier 150,2019,Morgan Deppley
MV150,Crimson Frontier 150,2019,Jennifer Streepova
MV150,Crimson Frontier 150,2019,Jennifer Robertsix
MV151,Golden Reign 151,2015,Morgan Davisberg
MV151,Golden Reign 151,2015,Tom Downeyton
MV151,Golden Reign 151,2015,Natalie Portmanix
MV151,Golden Reign 151,2015,Matt Deppley
MV151,Golden Reign 151,2015,Robert Goslingov
MV152,Rising Echo 152,2021,Matt Bullockova
MV152,Rising Echo 152,2021,Morgan Streepova
MV152,Rising Echo 152,2021,Leonardo Blanchetten
MV152,Rising Echo 152,2021,Brad Washingtonov
MV152,Rising Echo 152,2021,Morgan Davisberg
MV153,Distant Hour 153,2002,Scarlett Damonberg A4
MV153,Distant Hour 153,2002,Morgan Deppley
MV153,Distant Hour 153,2002,Anne Freemanix
MV154,Silent Tide 154,2010,Natalie Lawrenceton
MV154,Silent Tide 154,2010,Ryan Lawrenceton
MV155,Crimson Passage 155,2001,Matt Davisberg
MV155,Crimson Passage 155,2001,Matt Deppley
MV155,Crimson Passage 155,2001,Meryl Davisberg
MV155,Crimson Passage 155,2001,Matt DiCapriox
MV155,Crimson Passage 155,2001,Robert Hathawayova
MV156,Rising Tower 156,2013,Morgan Deppley
MV156,Rising Tower 156,2013,Natalie Portmanix
MV156,Rising Tower 156,2013,Johnny Pittman
MV156,Rising Tower 156,2013,Tom Streepova A6
MV157,Falling Storm 157,2012,Robert Hathawayova
MV157,Falling Storm 157,2012,Leonardo Davisberg
MV157,Falling Storm 157,2012,Viola Hanksen
MV157,Falling Storm 157,2012,Natalie Goslingov
MV158,The Hollow Reign,2013,Sandra Theronsen
MV158,The Hollow Reign,2013,Brad Washingtonov
MV158,The Hollow Reign,2013,Sandra Bullockova
MV159,The Hidden Gate,2004,Sandra Damonberg
MV159,The Hidden Gate,2004,Viola Hanksen
MV159,The Hidden Gate,2004,Scarlett Damonberg A4
MV159,The Hidden Gate,2004,Morgan Streepova
MV160,Golden Gate 160,2013,Johnny DiCapriox
MV160,Golden Gate 160,2013,Jennifer Portmanix
MV161,Final Echo 161,2015,Johnny DiCapriox
MV161,Final Echo 161,2015,Jennifer Deppley
MV162,Burning Frontier 162,2000,Sandra Damonberg
MV162,Burning Frontier 162,2000,Ryan DiCapriox
MV162,Burning Frontier 162,2000,Matt Freemanix
MV163,The Broken Road,2010,Viola Washingtonov
MV163,The Broken Road,2010,Morgan Pittman A5
MV163,The Broken Road,2010,Christian Hathawayova
MV164,The Falling Shadow,2011,Leonardo Baleston
MV164,The Falling Shadow,2011,Anne Streepova
MV164,The Falling Shadow,2011,Johnny Johanssonova
MV165,Hidden Mirror 165,2003,Brad Washingtonov
MV165,Hidden Mirror 165,2003,Johnny DiCapriox
MV165,Hidden Mirror 165,2003,Jennifer Streepova
MV165,Hidden Mirror 165,2003,Jennifer Portmanix
MV166,Distant Tide 166,2009,Morgan Pittman A5
MV166,Distant Tide 166,2009,Robert Downeyton
MV166,Distant Tide 166,2009,Leonardo Davisberg
MV166,Distant Tide 166,2009,Matt Hanksen
MV167,The Crimson Echo,2007,Tom Robertsix
MV167,The Crimson Echo,2007,Jennifer Portmanix
MV167,The Crimson Echo,2007,Leonardo Freemanix A2
MV167,The Crimson Echo,2007,Charlize Portmanix
MV167,The Crimson Echo,2007,Jennifer Damonberg
MV168,The Iron Mirror,2015,Sandra Damonberg
MV168,The Iron Mirror,2015,Robert Streepova
MV169,Crimson Gate 169,2015,Matt Davisberg
MV169,Crimson Gate 169,2015,Brad Lawrenceton
MV169,Crimson Gate 169,2015,Natalie Portmanix
MV169,Crimson Gate 169,2015,Leonardo Freemanix A2
MV170,Lost Frontier 170,2012,Scarlett Damonberg
MV170,Lost Frontier 170,2012,Scarlett Deppley
MV171,Last Hour 171,2018,Tom Downeyton
MV171,Last Hour 171,2018,Matt Davisberg
MV171,Last Hour 171,2018,Anne Streepova
MV171,Last Hour 171,2018,Johnny Freemanix
MV172,The Iron Shadow,2006,Jennifer Goslingov
MV172,The Iron Shadow,2006,Ryan DiCapriox
MV172,The Iron Shadow,2006,Natalie Portmanix
MV173,The Golden Tide,2012,Tom Streepova A6
MV173,The Golden Tide,2012,Ryan DiCapriox
MV173,The Golden Tide,2012,Brad Lawrenceton
MV173,The Golden Tide,2012,Johnny DiCapriox
MV173,The Golden Tide,2012,Jennifer Streepova
MV174,The Last Reign,2013,Denzel Davisberg
MV174,The Last Reign,2013,Tom Robertsix
MV174,The Last Reign,2013,Jennifer Deppley
MV175,Last Tide 175,2007,Sandra Theronsen
MV175,Last Tide 175,2007,Natalie Lawrenceton
MV175,Last Tide 175,2007,Cate Baleston
MV176,Golden Reign 176,2009,Ryan DiCapriox
MV176,Golden Reign 176,2009,Leonardo Davisberg
MV176,Golden Reign 176,2009,Jennifer Damonberg
MV177,Lost Shadow 177,2007,Sandra Damonberg
MV177,Lost Shadow 177,2007,Tom Theronsen A7
MV177,Lost Shadow 177,2007,Jennifer Portmanix
MV177,Lost Shadow 177,2007,Julia Portmanix
MV177,Lost Shadow 177,2007,Natalie Lawrenceton
MV178,Broken Light 178,2019,Johnny Goslingov
MV178,Broken Light 178,2019,Leonardo Baleston
MV178,Broken Light 178,2019,Jennifer Portmanix
MV178,Broken Light 178,2019,Julia Washingtonov
MV178,Broken Light 178,2019,Christian Hathawayova
MV179,Distant Shadow 179,2005,Jennifer Portmanix
MV179,Distant Shadow 179,2005,Sandra Bullockova
MV179,Distant Shadow 179,2005,Leonardo Blanchetten
MV180,The Final Tide,2010,Julia Portmanix
MV180,The Final Tide,2010,Johnny Goslingov
MV181,The Broken Hour,2005,Morgan Deppley
MV181,The Broken Hour,2005,Jennifer Streepova
MV181,The Broken Hour,2005,Cate Baleston
MV181,The Broken Hour,2005,Jennifer Portmanix
MV181,The Broken Hour,2005,Leonardo Baleston
MV182,Lost Storm 182,2019,Robert Downeyton
MV182,Lost Storm 182,2019,Natalie Goslingov
MV182,Lost Storm 182,2019,Denzel Theronsen
MV182,Lost Storm 182,2019,Robert Goslingov
MV182,Lost Storm 182,2019,Morgan Streepova
MV183,The Iron Reign,2010,Anne Streepova
MV183,The Iron Reign,2010,Morgan Streepova
MV183,The Iron Reign,2010,Tom Goslingov
MV183,The Iron Reign,2010,Brad Lawrenceton
MV183,The Iron Reign,2010,Jennifer Deppley
MV184,Broken Road 184,2018,Viola Washingtonov
MV184,Broken Road 184,2018,Morgan Pittman A5
MV184,Broken Road 184,2018,Jennifer Portmanix
MV184,Broken Road 184,2018,Brad Lawrenceton
MV185,Hollow Gate 185,2012,Sandra Damonberg
MV185,Hollow Gate 185,2012,Denzel Davisberg
MV186,The Last Mirror,2002,Scarlett Damonberg A4
MV186,The Last Mirror,2002,Natalie Davisberg
MV186,The Last Mirror,2002,Matt Deppley
MV187,Distant Bridge 187,2003,Natalie Portmanix
MV187,Distant Bridge 187,2003,Johnny Hanksen
MV188,The Dark Tide,2002,Meryl Hathawayova A3
MV188,The Dark Tide,2002,Jennifer Portmanix
MV189,Hidden Frontier 189,2002,Ryan DiCapriox
MV189,Hidden Frontier 189,2002,Jennifer Damonberg
MV189,Hidden Frontier 189,2002,Morgan Streepova
MV189,Hidden Frontier 189,2002,Meryl Davisberg
MV189,Hidden Frontier 189,2002,Sandra Streepova
MV190,Final Shadow 190,2023,Tom Goslingov
MV190,Final Shadow 190,2023,Cate Damonberg A1
MV191,The Broken Signal,2000,Tom Theronsen A7
MV191,The Broken Signal,2000,Matt Bullockova
MV192,The Distant Echo,2004,Meryl Davisberg
MV192,The Distant Echo,2004,Natalie Portmanix
MV192,The Distant Echo,2004,Natalie Goslingov
MV192,The Distant Echo,2004,Morgan Davisberg
MV193,The Broken Mirror,2017,Anne Freemanix
MV193,The Broken Mirror,2017,Cate Baleston
MV194,The Distant Hour,2013,Anne Streepova
MV194,The Distant Hour,2013,Scarlett Deppley
MV194,The Distant Hour,2013,Sandra Washingtonov
MV194,The Distant Hour,2013,Matt DiCapriox
MV195,The Final Bridge,2015,Jennifer Portmanix
MV195,The Final Bridge,2015,Morgan Deppley
MV195,The Final Bridge,2015,Matt Deppley
MV195,The Final Bridge,2015,Brad Washingtonov
MV196,Rising Storm 196,2002,Meryl Hathawayova A3
MV196,Rising Storm 196,2002,Matt Goslingov
MV197,The Rising Tower,2022,Jennifer Portmanix
MV197,The Rising Tower,2022,Scarlett Deppley
MV197,The Rising Tower,2022,Morgan Davisberg
MV198,The Last Tower,2020,Christian Lawrenceton
MV198,The Last Tower,2020,Leonardo Freemanix A2
MV198,The Last Tower,2020,Brad Washingtonov
MV198,The Last Tower,2020,Jennifer Davisberg
MV199,The Silent Tower,2004,Brad Deppley
MV199,The Silent Tower,2004,Johnny Johanssonova
MV199,The Silent Tower,2004,Scarlett Downeyton
MV199,The Silent Tower,2004,Robert Hathawayova
MV200,Final Tide 200,2001,Tom Downeyton
MV200,Final Tide 200,2001,Scarlett Damonberg A4
MV201,The Hollow Tide,2000,Jennifer Portmanix
MV201,The Hollow Tide,2000,Christian Lawrenceton
MV201,The Hollow Tide,2000,Natalie Goslingov
MV201,The Hollow Tide,2000,Matt Goslingov
MV201,The Hollow Tide,2000,Jennifer Robertsix
MV202,The Golden Frontier,2015,Viola Theronsen
MV202,The Golden Frontier,2015,Cate Damonberg A1
MV203,Hidden Tower 203,2005,Jennifer Portmanix
MV203,Hidden Tower 203,2005,Morgan Streepova
MV203,Hidden Tower 203,2005,Johnny Freemanix
MV204,The Distant Light,2001,Denzel Theronsen
MV204,The Distant Light,2001,Viola Hanksen
MV204,The Distant Light,2001,Jennifer Portmanix
MV204,The Distant Light,2001,Denzel Davisberg
MV204,The Distant Light,2001,Scarlett Washingtonov
MV205,The Dark Gate,2004,Matt Hathawayova
MV205,The Dark Gate,2004,Morgan Pittman A5
MV205,The Dark Gate,2004,Tom Robertsix
MV205,The Dark Gate,2004,Brad Deppley
MV205,The Dark Gate,2004,Robert Hathawayova
MV206,The Hidden Mirror,2009,Jennifer Streepova
MV206,The Hidden Mirror,2009,Brad Deppley
MV206,The Hidden Mirror,2009,Tom Streepova A6
MV206,The Hidden Mirror,2009,Anne Johanssonova
MV206,The Hidden Mirror,2009,Jennifer Portmanix
MV207,Hidden Frontier 207,2011,Sandra Washingtonov
MV207,Hidden Frontier 207,2011,Tom Theronsen A7
MV207,Hidden Frontier 207,2011,Scarlett Deppley
MV208,Iron Passage 208,2021,Sandra Streepova
MV208,Iron Passage 208,2021,Brad Washingtonov
MV208,Iron Passage 208,2021,Sandra Bullockova
MV208,Iron Passage 208,2021,Tom Goslingov
MV208,Iron Passage 208,2021,Tom Theronsen A7
MV209,Crimson Passage 209,2021,Jennifer Streepova
MV209,Crimson Passage 209,2021,Matt Goslingov
MV209,Crimson Passage 209,2021,Tom Streepova A6
MV210,Final Signal 210,2022,Johnny Pittman
MV210,Final Signal 210,2022,Viola Washingtonov
MV210,Final Signal 210,2022,Morgan Streepova
MV210,Final Signal 210,2022,Denzel Davisberg
MV211,Golden Tide 211,2011,Christian Downeyton
MV211,Golden Tide 211,2011,Matt Davisberg
MV211,Golden Tide 211,2011,Brad Goslingov
MV212,The Hollow Road,2021,Johnny Hanksen
MV212,The Hollow Road,2021,Anne Johanssonova
MV213,Hidden Echo 213,2018,Sandra Washingtonov
MV213,Hidden Echo 213,2018,Meryl Hathawayova A3
MV213,Hidden Echo 213,2018,Natalie Goslingov
MV213,Hidden Echo 213,2018,Meryl Davisberg
MV213,Hidden Echo 213,2018,Matt Goslingov
MV214,Crimson Road 214,2002,Robert Downeyton
MV214,Crimson Road 214,2002,Sandra Damonberg
MV215,The Hollow Tower,2001,Jennifer Portmanix
MV215,The Hollow Tower,2001,Cate Damonberg A1
MV215,The Hollow Tower,2001,Julia Portmanix
MV215,The Hollow Tower,2001,Christian Downeyton
MV216,The Falling Road,2005,Jennifer Goslingov
MV216,The Falling Road,2005,Denzel Davisberg
MV216,The Falling Road,2005,Johnny Pittman
MV216,The Falling Road,2005,Natalie Portmanix
MV217,Broken Gate 217,2009,Cate Baleston
MV217,Broken Gate 217,2009,Natalie Portmanix
MV217,Broken Gate 217,2009,Viola Hanksen
MV217,Broken Gate 217,2009,Matt Bullockova
MV217,Broken Gate 217,2009,Viola Theronsen
MV218,The Falling Gate,2010,Denzel Davisberg
MV218,The Falling Gate,2010,Julia Washingtonov
MV218,The Falling Gate,2010,Matt Bullockova
MV218,The Falling Gate,2010,Tom Streepova A6
MV219,Hidden Signal 219,2003,Natalie Portmanix
MV219,Hidden Signal 219,2003,Charlize Deppley
MV219,Hidden Signal 219,2003,Leonardo Davisberg
MV219,Hidden Signal 219,2003,Jennifer Portmanix
MV220,Last Echo 220,2001,Julia Portmanix
MV220,Last Echo 220,2001,Morgan Streepova
MV221,The Lost Tower,2018,Jennifer Damonberg
MV221,The Lost Tower,2018,Matt Freemanix
MV221,The Lost Tower,2018,Natalie Davisberg
MV222,Burning Gate 222,2002,Tom Streepova A6
MV222,Burning Gate 222,2002,Julia Portmanix
MV222,Burning Gate 222,2002,Denzel Theronsen
MV223,Crimson Passage 223,2001,Julia Portmanix
MV223,Crimson Passage 223,2001,Anne Johanssonova
MV223,Crimson Passage 223,2001,Sandra Damonberg
MV224,The Hollow Storm,2019,Morgan Streepova
MV224,The Hollow Storm,2019,Cate Baleston
MV224,The Hollow Storm,2019,Charlize Deppley
MV225,The Silent Gate,2000,Julia Portmanix
MV225,The Silent Gate,2000,Johnny Pittman
MV225,The Silent Gate,2000,Matt DiCapriox
MV226,The Last Echo,2006,Ryan DiCapriox
MV226,The Last Echo,2006,Charlize Deppley
MV226,The Last Echo,2006,Christian Lawrenceton
MV226,The Last Echo,2006,Anne Freemanix
MV227,Golden Storm 227,2005,Christian Downeyton
MV227,Golden Storm 227,2005,Johnny Hanksen
MV227,Golden Storm 227,2005,Scarlett Washingtonov
MV227,Golden Storm 227,2005,Natalie Lawrenceton
MV227,Golden Storm 227,2005,Tom Goslingov
MV228,Hidden Reign 228,2012,Anne Johanssonova
MV228,Hidden Reign 228,2012,Anne Freemanix
MV228,Hidden Reign 228,2012,Natalie Davisberg
MV228,Hidden Reign 228,2012,Morgan Deppley
MV229,Distant Road 229,2015,Natalie Lawrenceton
MV229,Distant Road 229,2015,Tom Downeyton
MV229,Distant Road 229,2015,Jennifer Damonberg
MV229,Distant Road 229,2015,Charlize Deppley
MV230,Dark Tide 230,2003,Leonardo Davisberg
MV230,Dark Tide 230,2003,Charlize Portmanix
MV231,Falling Gate 231,2008,Johnny Johanssonova
MV231,Falling Gate 231,2008,Tom Theronsen A7
MV232,The Burning Shadow,2018,Christian Hathawayova
MV232,The Burning Shadow,2018,Denzel Theronsen
MV233,The Golden Storm,2009,Sandra Damonberg
MV233,The Golden Storm,2009,Matt Davisberg
MV233,The Golden Storm,2009,Viola Hanksen
MV233,The Golden Storm,2009,Tom Goslingov
MV233,The Golden Storm,2009,Meryl Hathawayova A3
MV234,Hidden Tower 234,2019,Brad Goslingov
MV234,Hidden Tower 234,2019,Matt Goslingov
MV234,Hidden Tower 234,2019,Sandra Theronsen
MV235,The Crimson Signal,2016,Natalie Deppley
MV235,The Crimson Signal,2016,Natalie Portmanix
MV235,The Crimson Signal,2016,Charlize Portmanix
MV235,The Crimson Signal,2016,Sandra Theronsen
MV236,Golden Bridge 236,2002,Leonardo Freemanix A2
MV236,Golden Bridge 236,2002,Natalie Goslingov
MV236,Golden Bridge 236,2002,Ryan DiCapriox
MV236,Golden Bridge 236,2002,Natalie Davisberg
MV237,Falling Tower 237,2019,Viola Hanksen
MV237,Falling Tower 237,2019,Ryan DiCapriox
MV237,Falling Tower 237,2019,Matt Hanksen
MV237,Falling Tower 237,2019,Cate Damonberg A1
MV238,The Silent Storm,2009,Sandra Washingtonov
MV238,The Silent Storm,2009,Matt Hanksen
MV238,The Silent Storm,2009,Charlize Baleston
MV238,The Silent Storm,2009,Ryan Lawrenceton
MV239,Hollow Passage 239,2004,Anne Streepova
MV239,Hollow Passage 239,2004,Leonardo Baleston
MV240,Golden Signal 240,2002,Sandra Bullockova
MV240,Golden Signal 240,2002,Scarlett Freemanix
MV240,Golden Signal 240,2002,Morgan Deppley
MV240,Golden Signal 240,2002,Sandra Washingtonov
MV240,Golden Signal 240,2002,Brad Goslingov
MV241,Golden Mirror 241,2014,Ryan DiCapriox
MV241,Golden Mirror 241,2014,Tom Downeyton
MV241,Golden Mirror 241,2014,Sandra Theronsen
MV242,Iron Reign 242,2019,Viola Theronsen
MV242,Iron Reign 242,2019,Cate Damonberg A1
MV243,The Dark Storm,2008,Anne Johanssonova
MV243,The Dark Storm,2008,Brad Deppley
MV243,The Dark Storm,2008,Johnny Pittman
MV243,The Dark Storm,2008,Robert Downeyton
MV243,The Dark Storm,2008,Cate Baleston
MV244,Lost Storm 244,2005,Anne Freemanix
MV244,Lost Storm 244,2005,Robert Goslingov
MV244,Lost Storm 244,2005,Matt DiCapriox
MV244,Lost Storm 244,2005,Brad Washingtonov
MV244,Lost Storm 244,2005,Denzel Theronsen
MV245,Rising Bridge 245,2020,Brad Goslingov
MV245,Rising Bridge 245,2020,Johnny Hanksen
MV246,Silent Tide 246,2022,Anne Streepova
MV246,Silent Tide 246,2022,Johnny Johanssonova
MV246,Silent Tide 246,2022,Johnny Pittman
MV247,Crimson Shadow 247,2016,Morgan Streepova
MV247,Crimson Shadow 247,2016,Matt Deppley
MV247,Crimson Shadow 247,2016,Matt Bullockova
MV247,Crimson Shadow 247,2016,Meryl Hathawayova A3
MV248,Last Signal 248,2003,Charlize Baleston
MV248,Last Signal 248,2003,Robert Goslingov
MV248,Last Signal 248,2003,Natalie Davisberg
MV248,Last Signal 248,2003,Robert Streepova
MV248,Last Signal 248,2003,Christian Lawrenceton
MV249,Distant Echo 249,2015,Johnny Freemanix
MV249,Distant Echo 249,2015,Tom Streepova A6
MV249,Distant Echo 249,2015,Jennifer Robertsix
MV249,Distant Echo 249,2015,Matt Hathawayova
MV249,Distant Echo 249,2015,Jennifer Davisberg
MV250,Crimson Storm 250,2019,Matt Bullockova
MV250,Crimson Storm 250,2019,Jennifer Streepova
MV250,Crimson Storm 250,2019,Julia Portmanix
MV251,The Distant Storm,2007,Matt Hathawayova
MV251,The Distant Storm,2007,Jennifer Portmanix
MV251,The Distant Storm,2007,Julia Portmanix
MV251,The Distant Storm,2007,Cate Baleston
MV252,Falling Gate 252,2022,Johnny Hanksen
MV252,Falling Gate 252,2022,Sandra Bullockova
MV252,Falling Gate 252,2022,Brad Deppley
MV252,Falling Gate 252,2022,Tom Downeyton
MV252,Falling Gate 252,2022,Cate Damonberg A1
MV253,The Final Shadow,2009,Jennifer Davisberg
MV253,The Final Shadow,2009,Brad Deppley
MV253,The Final Shadow,2009,Robert Downeyton
MV254,Hidden Hour 254,2001,Leonardo Baleston
MV254,Hidden Hour 254,2001,Meryl Hathawayova A3
MV255,Iron Tide 255,2012,Matt Bullockova
MV255,Iron Tide 255,2012,Viola Washingtonov
MV256,The Burning Gate,2010,Scarlett Freemanix
MV256,The Burning Gate,2010,Sandra Streepova
MV257,Hidden Reign 257,2021,Christian Downeyton
MV257,Hidden Reign 257,2021,Johnny Goslingov
MV257,Hidden Reign 257,2021,Cate Baleston
MV257,Hidden Reign 257,2021,Tom Robertsix
MV258,The Hollow Mirror,2005,Brad Washingtonov
MV258,The Hollow Mirror,2005,Christian Hathawayova
MV258,The Hollow Mirror,2005,Natalie Davisberg
MV259,Rising Mirror 259,2022,Robert Hathawayova
MV259,Rising Mirror 259,2022,Natalie Deppley
MV259,Rising Mirror 259,2022,Viola Washingtonov
MV259,Rising Mirror 259,2022,Natalie Davisberg
MV260,The Rising Tide,2015,Denzel Theronsen
MV260,The Rising Tide,2015,Matt Goslingov
MV260,The Rising Tide,2015,Tom Goslingov
MV260,The Rising Tide,2015,Natalie Deppley
MV261,Hidden Tower 261,2014,Anne Freemanix
MV261,Hidden Tower 261,2014,Denzel Davisberg
MV261,Hidden Tower 261,2014,Scarlett Damonberg
MV261,Hidden Tower 261,2014,Tom Downeyton
MV261,Hidden Tower 261,2014,Jennifer Davisberg
MV262,The Iron Echo,2011,Tom Goslingov
MV262,The Iron Echo,2011,Johnny Pittman
MV262,The Iron Echo,2011,Brad Deppley
MV262,The Iron Echo,2011,Anne Johanssonova
MV263,Final Tide 263,2016,Cate Baleston
MV263,Final Tide 263,2016,Sandra Washingtonov
MV263,Final Tide 263,2016,Natalie Lawrenceton
MV263,Final Tide 263,2016,Brad Lawrenceton
MV263,Final Tide 263,2016,Jennifer Streepova
MV264,Falling Hour 264,2009,Leonardo Baleston
MV264,Falling Hour 264,2009,Johnny Freemanix
MV264,Falling Hour 264,2009,Jennifer Robertsix
MV265,Dark Frontier 265,2009,Leonardo Blanchetten
MV265,Dark Frontier 265,2009,Sandra Streepova
MV265,Dark Frontier 265,2009,Viola Washingtonov
MV265,Dark Frontier 265,2009,Brad Washingtonov
MV266,The Hollow Frontier,2020,Johnny Johanssonova
MV266,The Hollow Frontier,2020,Sandra Damonberg
MV266,The Hollow Frontier,2020,Christian Downeyton
MV266,The Hollow Frontier,2020,Tom Downeyton
MV267,Silent Passage 267,2022,Robert Hathawayova
MV267,Silent Passage 267,2022,Johnny Pittman
MV267,Silent Passage 267,2022,Matt Hanksen
MV268,Lost Light 268,2012,Jennifer Portmanix
MV268,Lost Light 268,2012,Ryan DiCapriox
MV268,Lost Light 268,2012,Matt Bullockova
MV269,Hollow Road 269,2013,Robert Hathawayova
MV269,Hollow Road 269,2013,Brad Washingtonov
MV269,Hollow Road 269,2013,Viola Hanksen
MV270,Hidden Tide 270,2007,Viola Washingtonov
MV270,Hidden Tide 270,2007,Charlize Portmanix
MV270,Hidden Tide 270,2007,Sandra Washingtonov
MV271,Last Tide 271,2009,Robert Goslingov
MV271,Last Tide 271,2009,Morgan Pittman A5
MV272,Distant Mirror 272,2021,Sandra Theronsen
MV272,Distant Mirror 272,2021,Tom Goslingov
MV273,Burning Mirror 273,2010,Charlize Baleston
MV273,Burning Mirror 273,2010,Jennifer Damonberg
MV273,Burning Mirror 273,2010,Natalie Lawrenceton
MV274,The Rising Echo,2006,Natalie Deppley
MV274,The Rising Echo,2006,Scarlett Downeyton
MV274,The Rising Echo,2006,Johnny DiCapriox
MV275,Lost Signal 275,2007,Scarlett Washingtonov
MV275,Lost Signal 275,2007,Tom Streepova A6
MV275,Lost Signal 275,2007,Sandra Damonberg
MV275,Lost Signal 275,2007,Ryan Lawrenceton
MV276,Iron Road 276,2014,Tom Goslingov
MV276,Iron Road 276,2014,Sandra Theronsen
MV276,Iron Road 276,2014,Natalie Goslingov
MV276,Iron Road 276,2014,Cate Damonberg A1
MV276,Iron Road 276,2014,Denzel Davisberg
MV277,Silent Echo 277,2004,Denzel Theronsen
MV277,Silent Echo 277,2004,Johnny DiCapriox
MV277,Silent Echo 277,2004,Natalie Davisberg
MV277,Silent Echo 277,2004,Jennifer Damonberg
MV278,Final Road 278,2022,Anne Freemanix
MV278,Final Road 278,2022,Brad Goslingov
MV278,Final Road 278,2022,Denzel Theronsen
MV278,Final Road 278,2022,Matt Bullockova
MV279,Rising Bridge 279,2004,Sandra Streepova
MV279,Rising Bridge 279,2004,Tom Theronsen A7
MV279,Rising Bridge 279,2004,Matt Goslingov
MV279,Rising Bridge 279,2004,Natalie Davisberg
MV279,Rising Bridge 279,2004,Brad Lawrenceton
MV280,Dark Bridge 280,2001,Johnny Johanssonova
MV280,Dark Bridge 280,2001,Natalie Goslingov
MV281,The Iron Frontier,2002,Scarlett Downeyton
MV281,The Iron Frontier,2002,Anne Streepova
MV281,The Iron Frontier,2002,Ryan DiCapriox
MV281,The Iron Frontier,2002,Natalie Portmanix
MV281,The Iron Frontier,2002,Matt Davisberg
MV282,Dark Hour 282,2001,Jennifer Robertsix
MV282,Dark Hour 282,2001,Robert Downeyton
MV282,Dark Hour 282,2001,Ryan Lawrenceton
MV283,Broken Shadow 283,2018,Robert Hathawayova
MV283,Broken Shadow 283,2018,Natalie Goslingov
MV283,Broken Shadow 283,2018,Matt Hanksen
MV284,Burning Tide 284,2003,Jennifer Robertsix
MV284,Burning Tide 284,2003,Matt Hanksen
MV284,Burning Tide 284,2003,Meryl Davisberg
MV285,Golden Bridge 285,2004,Scarlett Washingtonov
MV285,Golden Bridge 285,2004,Natalie Davisberg
MV285,Golden Bridge 285,2004,Denzel Davisberg
MV286,Dark Signal 286,2003,Sandra Streepova
MV286,Dark Signal 286,2003,Tom Theronsen A7
MV286,Dark Signal 286,2003,Meryl Davisberg
MV287,Distant Hour 287,2014,Leonardo Blanchetten
MV287,Distant Hour 287,2014,Sandra Damonberg
MV287,Distant Hour 287,2014,Scarlett Damonberg
MV288,The Rising Frontier,2004,Natalie Davisberg
MV288,The Rising Frontier,2004,Robert Streepova
MV288,The Rising Frontier,2004,Tom Robertsix
MV288,The Rising Frontier,2004,Jennifer Davisberg
MV288,The Rising Frontier,2004,Anne Streepova
MV289,Burning Light 289,2004,Anne Streepova
MV289,Burning Light 289,2004,Sandra Damonberg
MV289,Burning Light 289,2004,Natalie Davisberg
MV290,The Dark Road,2023,Julia Washingtonov
MV290,The Dark Road,2023,Tom Theronsen A7
MV290,The Dark Road,2023,Jennifer Portmanix
MV290,The Dark Road,2023,Natalie Deppley
MV291,Broken Road 291,2002,Anne Freemanix
MV291,Broken Road 291,2002,Charlize Portmanix
MV291,Broken Road 291,2002,Brad Goslingov
MV291,Broken Road 291,2002,Charlize Baleston
MV292,Dark Tide 292,2009,Natalie Lawrenceton
MV292,Dark Tide 292,2009,Johnny DiCapriox
MV293,Falling Passage 293,2010,Charlize Deppley
MV293,Falling Passage 293,2010,Matt Deppley
MV293,Falling Passage 293,2010,Natalie Portmanix
MV293,Falling Passage 293,2010,Leonardo Freemanix A2
MV293,Falling Passage 293,2010,Julia Washingtonov
MV294,The Hidden Signal,2022,Tom Theronsen A7
MV294,The Hidden Signal,2022,Meryl Hathawayova A3
MV295,Lost Mirror 295,2010,Jennifer Goslingov
MV295,Lost Mirror 295,2010,Tom Theronsen A7
MV295,Lost Mirror 295,2010,Jennifer Streepova
MV295,Lost Mirror 295,2010,Brad Deppley
MV296,The Broken Shadow,2018,Denzel Davisberg
MV296,The Broken Shadow,2018,Johnny Freemanix
MV297,Crimson Bridge 297,2007,Viola Washingtonov
MV297,Crimson Bridge 297,2007,Denzel Davisberg
MV297,Crimson Bridge 297,2007,Tom Theronsen A7
MV297,Crimson Bridge 297,2007,Cate Damonberg A1
MV297,Crimson Bridge 297,2007,Jennifer Robertsix
MV298,Final Storm 298,2022,Matt Deppley
MV298,Final Storm 298,2022,Robert Goslingov
MV299,The Burning Tide,2015,Julia Washingtonov
MV299,The Burning Tide,2015,Morgan Davisberg
MV299,The Burning Tide,2015,Johnny DiCapriox
MV299,The Burning Tide,2015,Johnny Pittman
MV300,The Burning Mirror,2013,Christian Hathawayova
MV300,The Burning Mirror,2013,Matt Hanksen
MV300,The Burning Mirror,2013,Natalie Lawrenceton
MV300,The Burning Mirror,2013,Natalie Davisberg
MV300,The Burning Mirror,2013,Matt Bullockova
