movie_id,name,director,year,language,genre
MV001,The Broken Reign,David Jacksonov,2001,JA,Romance
MV002,The Hollow Shadow,Jane Kubricksen,2000,FR,Romance
MV003,The Golden Passage,Alfonso Jacksonov,2016,ZH,Thriller
MV004,The Distant Tide,Alfonso Kubricksen,2006,AR,Action
MV005,The Falling Passage,Paul Scottbury,2020,ES,Comedy
MV006,The Golden Tower,Quentin Coppola II,2016,IT,Thriller
MV007,The Burning Frontier,Martin Coppola II,2011,KO,Comedy
MV008,The Rising Passage,Jane DuVernay Jr,2000,EN,Drama
MV009,The Dark Bridge,Paul Jacksonov,2014,PT,Sci-Fi
MV010,The Silent Echo,David Scottbury,2012,DE,Sci-Fi
MV011,The Silent Light,Steven Andersonsen,2010,JA,Thriller
MV012,The Dark Hour,Ridley Jacksonov,2019,IT,Sci-Fi
MV013,The Crimson Reign,Peter Denisova,2014,PT,Sci-Fi
MV014,The Iron Hour,Quentin Jacksonov,2011,FR,Thriller
MV015,The Hidden Reign,Claire Tarantinov,2019,EN,Horror
MV016,The Silent Tide,Denis Coppola II,2010,EN,Drama
MV017,The Crimson Passage,Steven Coppola Jr,2009,ES,Sci-Fi
MV018,The Hidden Road,Claire Kubricksen,2011,JA,Horror
MV019,Broken Storm 19,Peter DuVernay Jr,2001,DE,Thriller
MV020,The Iron Light,Martin Tarantinov,2016,KO,Romance
MV021,The Hidden Tower,Martin Jacksonov,2018,KO,Sci-Fi
MV022,The Crimson Tide,David Cuaronez,2003,JA,Drama
MV023,Iron Gate 23,Peter Bigelowska,2014,PT,Action
MV024,Hollow Shadow 24,Paul Cuaronez,2015,KO,Thriller
MV025,The Final Storm,Sofia Andersonsen,2013,DE,Thriller
MV026,Burning Shadow 26,Jane Finchereux,2016,PT,Drama
MV027,Lost Shadow 27,Kathryn Bigelowska,2001,JA,Thriller
MV028,The Last Light,Greta Campionette,2021,PT,Documentary
MV029,The Burning Passage,Quentin Coppola Jr,2017,AR,Drama
MV030,The Falling Mirror,Christopher Campionette,2023,DE,Documentary
MV031,The Lost Signal,Ridley Scorsetti,2023,EN,Romance
MV032,The Burning Bridge,Martin Campionette,2018,DE,Horror
MV033,The Distant Frontier,Steven Scorsetti,2016,ES,Thriller
MV034,The Final Frontier,Stanley Scorsetti,2002,JA,Sci-Fi
MV035,The Iron Passage,Paul Denisova D1,2004,FR,Action
MV036,The Broken Light,Steven Villeneuven D2,2012,KO,Comedy
MV037,The Rising Shadow,Peter Jacksonov,2010,PT,Thriller
MV038,The Crimson Gate,Luca Villeneuven,2021,DE,Romance
MV039,Dark Shadow 39,Christopher Kubricksen,2022,EN,Action
MV040,The Crimson Mirror,Luca Scorsetti,2014,DE,Action
MV041,The Distant Mirror,Quentin Spielmann,2023,IT,Thriller
MV042,The Distant Shadow,Ridley Tarantinov,2023,ZH,Drama
MV043,The Golden Hour,James Kubricksen,2020,AR,Documentary
MV044,The Falling Frontier,Sofia Jacksonov,2008,KO,Comedy
MV045,The Iron Tide,Kathryn Finchereux D3,2004,ES,Action
MV046,Falling Tower 46,Martin Scottbury,2004,IT,Action
MV047,The Lost Gate,Christopher Coppola Jr,2006,DE,Comedy
MV048,The Crimson Hour,Sofia Denisova,2002,JA,Horror
MV049,The Distant Bridge,Greta Kubricksen,2019,EN,Drama
MV050,The Falling Tide,Claire Bigelowska D4,2012,EN,Sci-Fi
MV051,Silent Passage 51,Christopher Camerone,2008,PT,Comedy
MV052,The Hidden Light,Peter Nolanberg,2012,PT,Documentary
MV053,The Lost Shadow,Paul Andersonsen,2007,AR,Comedy
MV054,The Falling Storm,Martin Spielmann,2001,PT,Drama
MV055,The Rising Mirror,Kathryn Guadagnino Jr,2001,PT,Horror
MV056,The Crimson Shadow,Sofia Guadagnino Jr,2009,EN,Comedy
MV057,The Silent Passage,David Scorsetti,2000,FR,Horror
MV058,The Golden Bridge,Claire Spielmann,2004,KO,Comedy
MV059,The Broken Bridge,Quentin Bigelowska D5,2006,ZH,Sci-Fi
MV060,The Hidden Storm,Peter Kubricksen,2013,IT,Romance
MV061,The Hollow Echo,Martin Kubricksen,2018,IT,Action
MV062,The Golden Light,Peter Coppola Jr,2006,DE,Horror
MV063,Golden Gate 63,Sofia Scorsetti,2013,PT,Horror
MV064,The Dark Tower,Steven Denisova,2004,ZH,Sci-Fi
MV065,The Crimson Tower,Luca Gerwigova,2013,ES,Sci-Fi
MV066,The Last Shadow,Kathryn Coppola Jr,2017,ZH,Comedy
MV067,Final Road 67,Steven Tarantinov,2018,JA,Thriller
MV068,The Burning Storm,Denis Nolanberg,2008,ZH,Horror
MV069,Crimson Hour 69,Jane Villeneuven,2006,AR,Sci-Fi
MV070,Crimson Shadow 70,Sofia Bigelowska,2000,AR,Documentary
MV071,Broken Frontier 71,Greta Finchereux,2002,AR,Drama
MV072,Distant Mirror 72,Denis Villeneuven,2005,IT,Thriller
MV073,The Hidden Hour,Greta Gerwigova,2001,JA,Horror
MV074,Golden Bridge 74,James Cuaronez,2008,EN,Comedy
MV075,Silent Tide 75,Denis Guadagnino Jr,2023,KO,Sci-Fi
MV076,The Burning Hour,David Denisova,2015,AR,Action
MV077,The Lost Reign,Paul Villeneuven,2002,ZH,Action
MV078,Dark Frontier 78,Sofia Villeneuven,2007,ES,Thriller
MV079,The Falling Hour,Quentin Camerone,2014,ZH,Comedy
MV080,The Final Mirror,Kathryn Gerwigova,2005,KO,Action
MV081,The Broken Passage,Luca Nolanberg D6,2021,EN,Drama
MV082,Last Hour 82,James Cuaronez D7,2015,ES,Comedy
MV083,The Hollow Bridge,Sofia Gerwigova D8,2003,PT,Comedy
MV084,Last Tide 84,David Spielmann,2002,EN,Drama
MV085,The Hidden Echo,Alfonso DuVernay Jr,2021,JA,Thriller
MV086,The Burning Reign,James Campionette,2014,AR,Horror
MV087,The Golden Mirror,Alfonso Gerwigova,2010,FR,Action
MV088,The Last Frontier,James Jacksonov D9,2019,KO,Comedy
MV089,The Hidden Shadow,Paul Nolanberg,2023,JA,Sci-Fi
MV090,The Hidden Frontier,Luca Scottbury,2011,KO,Thriller
MV091,The Final Signal,Ava Gerwigova,2015,AR,Drama
MV092,The Broken Gate,Steven DuVernay Jr,2008,AR,Comedy
MV093,Silent Passage 93,Ridley Denisova,2018,IT,Thriller
MV094,The Distant Passage,Greta Finchereux D10,2017,PT,Drama
MV095,The Rising Light,Francis Cuaronez,2017,AR,Horror
MV096,Crimson Tide 96,Kathryn Scottbury,2023,IT,Thriller
MV097,The Iron Signal,Alfonso Villeneuven,2010,KO,Romance
MV098,The Crimson Light,Greta Andersonsen,2020,ES,Comedy
MV099,The Dark Echo,Ava Andersonsen,2021,ES,Documentary
MV100,The Lost Echo,Francis Denisova,2010,EN,Action
MV101,Broken Light 101,Ridley Coppola Jr D11,2016,IT,Action
MV102,The Lost Tide,Sofia Camerone,2004,AR,Thriller
MV103,The Silent Shadow,Peter Scorsetti,2021,ES,Romance
MV104,The Falling Echo,Ava Scottbury,2021,JA,Romance
MV105,The Broken Echo,Kathryn Camerone,2022,ES,Horror
MV106,The Silent Reign,Christopher Tarantinov,2018,EN,Horror
MV107,The Silent Hour,Francis Andersonsen,2016,ZH,Sci-Fi
MV108,The Hollow Hour,Greta Scottbury D12,2021,IT,Documentary
MV109,Hidden Reign 109,Martin Scorsetti D13,2008,EN,Comedy
MV110,Silent Shadow 110,Quentin Scottbury,2019,IT,Action
MV111,The Falling Bridge,Peter Finchereux,2007,KO,Comedy
MV112,The Iron Gate,Christopher Nolanberg,2007,IT,Horror
MV113,The Rising Reign,Stanley Coppola II,2000,JA,Romance
MV114,Rising Light 114,Ridley Guadagnino Jr,2013,EN,Comedy
MV115,The Falling Light,Denis Andersonsen,2015,JA,Comedy
MV116,The Dark Frontier,Quentin Cuaronez D14,2008,EN,Documentary
MV117,The Lost Road,Peter Tarantinov D15,2010,FR,Documentary
MV118,The Crimson Frontier,Luca Campionette,2016,ES,Sci-Fi
MV119,Lost Light 119,Claire Bigelowska,2009,ZH,Horror
MV120,The Hollow Light,Jane Denisova,2015,ZH,Drama
MV121,The Dark Mirror,Steven Bigelowska,2023,JA,Sci-Fi
MV122,Broken Road 122,Alfonso Villeneuven D16,2012,EN,Drama
MV123,Silent Mirror 123,Kathryn Andersonsen D17,2001,ZH,Horror
MV124,The Hidden Bridge,Greta Scottbury,2018,ES,Documentary
MV125,The Burning Road,Luca Denisova,2009,AR,Action
MV126,The Distant Reign,Kathryn Scorsetti D18,2008,EN,Drama
MV127,The Broken Frontier,Paul Spielmann,2003,KO,Drama
MV128,The Distant Tower,Kathryn Nolanberg,2004,AR,Documentary
MV129,Distant Storm 129,Kathryn Kubricksen,2017,IT,Sci-Fi
MV130,Falling Reign 130,Greta Nolanberg,2007,ZH,Comedy
MV131,Distant Shadow 131,Ridley Coppola II D19,2007,ZH,Horror
MV132,Silent Shadow 132,Francis Campionette D20,2007,ES,Thriller
MV133,The Broken Storm,Kathryn Spielmann,2014,FR,Sci-Fi
MV134,The Lost Passage,Alfonso Tarantinov,2004,IT,Action
MV135,The Burning Tower,Greta Coppola II,2003,JA,Sci-Fi
MV136,Silent Frontier 136,Peter Campionette,2022,ZH,Sci-Fi
MV137,Broken Shadow 137,Martin Camerone D21,2017,PT,Action
MV138,Golden Road 138,Claire Scorsetti,2016,DE,Horror
MV139,The Lost Mirror,Ava Coppola II,2011,ZH,Drama
MV140,Falling Storm 140,Christopher DuVernay Jr,2013,IT,Documentary
MV141,Burning Bridge 141,David Coppola II,2023,EN,Thriller
MV142,The Final Road,Stanley Denisova,2012,JA,Documentary
MV143,The Last Storm,Paul Gerwigova,2013,FR,Romance
MV144,Hollow Road 144,Steven Kubricksen,2018,PT,Sci-Fi
MV145,Rising Passage 145,Claire Scottbury,2010,IT,Comedy
MV146,The Rising Storm,Ava Bigelowska,2009,KO,Documentary
MV147,The Final Echo,Quentin Finchereux D22,2002,EN,Comedy
MV148,The Lost Light,Jane Cuaronez D23,2007,FR,Sci-Fi
MV149,The Dark Light,James Nolanberg D24,2005,DE,Documentary
MV150,Crimson Frontier 150,Kathryn Coppola Jr D25,2019,ES,Horror
MV151,Golden Reign 151,Martin Andersonsen,2015,DE,Sci-Fi
MV152,Rising Echo 152,David Andersonsen,2021,ES,Action
MV153,Distant Hour 153,David Coppola Jr D26,2002,ES,Documentary
MV154,Silent Tide 154,Alfonso Denisova,2010,JA,Comedy
MV155,Crimson Passage 155,Sofia Scottbury D27,2001,DE,Documentary
MV156,Rising Tower 156,Ridley Finchereux,2013,JA,Action
MV157,Falling Storm 157,James Camerone,2012,IT,Drama
MV158,The Hollow Reign,Martin Coppola II D28,2013,DE,Comedy
MV159,The Hidden Gate,Kathryn Villeneuven,2004,PT,Documentary
MV160,Golden Gate 160,Ava Villeneuven D29,2013,FR,Horror
MV161,Final Echo 161,Luca Bigelowska D30,2015,ES,Comedy
MV162,Burning Frontier 162,Luca Gerwigova D31,2000,ES,Action
MV163,The Broken Road,Luca Nolanberg,2010,ZH,Thriller
MV164,The Falling Shadow,Stanley Villeneuven D32,2011,ZH,Sci-Fi
MV165,Hidden Mirror 165,Kathryn Andersonsen,2003,FR,Romance
MV166,Distant Tide 166,Ava Coppola Jr,2009,FR,Sci-Fi
MV167,The Crimson Echo,James Scottbury,2007,DE,Thriller
MV168,The Iron Mirror,Martin Finchereux,2015,FR,Sci-Fi
MV169,Crimson Gate 169,Christopher Denisova,2015,EN,Sci-Fi
MV170,Lost Frontier 170,Sofia Gerwigova D33,2012,IT,Horror
MV171,Last Hour 171,Denis Gerwigova,2018,FR,Drama
MV172,The Iron Shadow,Stanley Bigelowska,2006,ES,Thriller
MV173,The Golden Tide,Christopher Finchereux,2012,DE,Thriller
MV174,The Last Reign,Claire Guadagnino Jr,2013,FR,Comedy
MV175,Last Tide 175,Ridley Gerwigova,2007,KO,Sci-Fi
MV176,Golden Reign 176,Peter Camerone D34,2009,PT,Sci-Fi
MV177,Lost Shadow 177,Paul Scorsetti D35,2007,FR,Comedy
MV178,Broken Light 178,Denis Spielmann,2019,ZH,Action
MV179,Distant Shadow 179,Ava Scorsetti,2005,ZH,Documentary
MV180,The Final Tide,Ridley DuVernay Jr,2010,KO,Drama
MV181,The Broken Hour,Ava Scorsetti D36,2005,ZH,Action
MV182,Lost Storm 182,Alfonso Coppola Jr D37,2019,FR,Drama
MV183,The Iron Reign,Kathryn Jacksonov,2010,KO,Romance
MV184,Broken Road 184,Kathryn Bigelowska D38,2018,AR,Horror
MV185,Hollow Gate 185,Peter Scottbury,2012,ES,Romance
MV186,The Last Mirror,Greta Gerwigova D39,2002,FR,Drama
MV187,Distant Bridge 187,James DuVernay Jr D40,2003,PT,Documentary
MV188,The Dark Tide,James Nolanberg,2002,FR,Comedy
MV189,Hidden Frontier 189,Kathryn DuVernay Jr,2002,PT,Action
MV190,Final Shadow 190,David Coppola Jr D41,2023,DE,Thriller
MV191,The Broken Signal,Francis Kubricksen D42,2000,JA,Sci-Fi
MV192,The Distant Echo,Luca Spielmann,2004,IT,Horror
MV193,The Broken Mirror,Alfonso Andersonsen D43,2017,ZH,Sci-Fi
MV194,The Distant Hour,Denis Andersonsen D44,2013,ES,Sci-Fi
MV195,The Final Bridge,Sofia Campionette,2015,EN,Comedy
MV196,Rising Storm 196,Francis Camerone,2002,AR,Horror
MV197,The Rising Tower,Kathryn Campionette,2022,FR,Romance
MV198,The Last Tower,Ava Guadagnino Jr,2020,FR,Thriller
MV199,The Silent Tower,David Coppola Jr,2004,DE,Horror
MV200,Final Tide 200,Quentin Bigelowska D45,2001,DE,Documentary
MV201,The Hollow Tide,Christopher Guadagnino Jr,2000,PT,Comedy
MV202,The Golden Frontier,Jane Scorsetti,2015,DE,Comedy
MV203,Hidden Tower 203,Greta Nolanberg D46,2005,ZH,Romance
MV204,The Distant Light,James Spielmann,2001,ZH,Drama
MV205,The Dark Gate,Denis Kubricksen,2004,IT,Romance
MV206,The Hidden Mirror,Paul Kubricksen,2009,KO,Romance
MV207,Hidden Frontier 207,Sofia Cuaronez,2011,PT,Documentary
MV208,Iron Passage 208,Quentin Gerwigova,2021,EN,Comedy
MV209,Crimson Passage 209,Jane Cuaronez,2021,PT,Romance
MV210,Final Signal 210,Quentin Bigelowska,2022,JA,Documentary
MV211,Golden Tide 211,Paul Denisova D47,2011,JA,Comedy
MV212,The Hollow Road,Jane Denisova D48,2021,FR,Horror
MV213,Hidden Echo 213,James Bigelowska,2018,ZH,Drama
MV214,Crimson Road 214,Alfonso Nolanberg,2002,JA,Thriller
MV215,The Hollow Tower,Kathryn Cuaronez,2001,IT,Thriller
MV216,The Falling Road,Greta DuVernay Jr,2005,DE,Action
MV217,Broken Gate 217,Jane Nolanberg,2009,IT,Comedy
MV218,The Falling Gate,Stanley Kubricksen,2010,AR,Horror
MV219,Hidden Signal 219,Stanley Tarantinov,2003,KO,Drama
MV220,Last Echo 220,Francis Cuaronez D49,2001,AR,Comedy
MV221,The Lost Tower,Alfonso Coppola Jr,2018,FR,Documentary
MV222,Burning Gate 222,Claire Jacksonov,2002,IT,Horror
MV223,Crimson Passage 223,Denis Tarantinov,2001,KO,Thriller
MV224,The Hollow Storm,Peter Cuaronez,2019,ZH,Thriller
MV225,The Silent Gate,Stanley Kubricksen D50,2000,KO,Documentary
MV226,The Last Echo,Jane Guadagnino Jr,2006,JA,Action
MV227,Golden Storm 227,James Tarantinov D51,2005,PT,Comedy
MV228,Hidden Reign 228,Peter Villeneuven,2012,PT,Comedy
MV229,Distant Road 229,Alfonso Jacksonov D52,2015,IT,Comedy
MV230,Dark Tide 230,Ava Finchereux D53,2003,EN,Romance
MV231,Falling Gate 231,Francis Jacksonov D54,2008,EN,Thriller
MV232,The Burning Shadow,David Bigelowska D55,2018,KO,Drama
MV233,The Golden Storm,Denis Coppola Jr,2009,IT,Sci-Fi
MV234,Hidden Tower 234,Paul Bigelowska,2019,EN,Drama
MV235,The Crimson Signal,Sofia Gerwigova D56,2016,AR,Horror
MV236,Golden Bridge 236,Alfonso Camerone,2002,PT,Thriller
MV237,Falling Tower 237,Stanley Campionette,2019,EN,Sci-Fi
MV238,The Silent Storm,Ridley Andersonsen D57,2009,PT,Documentary
MV239,Hollow Passage 239,Martin Nolanberg D58,2004,PT,Comedy
MV240,Golden Signal 240,Kathryn Coppola II D59,2002,JA,Thriller
MV241,Golden Mirror 241,Greta Denisova,2014,EN,Romance
MV242,Iron Reign 242,Stanley DuVernay Jr,2019,PT,Comedy
MV243,The Dark Storm,Peter Kubricksen D60,2008,KO,Thriller
MV244,Lost Storm 244,Steven Guadagnino Jr,2005,FR,Thriller
MV245,Rising Bridge 245,Ridley Bigelowska D61,2020,DE,Sci-Fi
MV246,Silent Tide 246,Luca Andersonsen,2022,FR,Comedy
MV247,Crimson Shadow 247,Alfonso Scottbury,2016,AR,Drama
MV248,Last Signal 248,James Finchereux,2003,ZH,Documentary
MV249,Distant Echo 249,Ridley Villeneuven,2015,ZH,Sci-Fi
MV250,Crimson Storm 250,Steven Spielmann,2019,FR,Action
MV251,The Distant Storm,Ridley Gerwigova D62,2007,AR,Drama
MV252,Falling Gate 252,James Scottbury D63,2022,DE,Documentary
MV253,The Final Shadow,Luca Jacksonov,2009,KO,Comedy
MV254,Hidden Hour 254,Steven Scorsetti D64,2001,KO,Horror
MV255,Iron Tide 255,Ridley Cuaronez,2012,ZH,Romance
MV256,The Burning Gate,Quentin Guadagnino Jr D65,2010,ZH,Thriller
MV257,Hidden Reign 257,Francis Coppola Jr,2021,PT,Thriller
MV258,The Hollow Mirror,Francis Campionette,2005,FR,Comedy
MV259,Rising Mirror 259,Stanley Gerwigova D66,2022,AR,Sci-Fi
MV260,The Rising Tide,James Scorsetti D67,2015,EN,Drama
MV261,Hidden Tower 261,Alfonso Coppola Jr D68,2014,PT,Horror
MV262,The Iron Echo,Peter Gerwigova D69,2011,IT,Romance
MV263,Final Tide 263,David Nolanberg D70,2016,ES,Romance
MV264,Falling Hour 264,Claire Campionette,2009,ZH,Documentary
MV265,Dark Frontier 265,Ridley Scottbury D71,2009,JA,Action
MV266,The Hollow Frontier,Francis Guadagnino Jr,2020,ES,Drama
MV267,Silent Passage 267,Sofia Campionette D72,2022,EN,Thriller
MV268,Lost Light 268,David Finchereux,2012,FR,Drama
MV269,Hollow Road 269,Francis Kubricksen,2013,EN,Sci-Fi
MV270,Hidden Tide 270,Francis Tarantinov D73,2007,ES,Comedy
MV271,Last Tide 271,Jane Andersonsen D74,2009,DE,Action
MV272,Distant Mirror 272,Francis Scottbury D75,2021,ES,Action
MV273,Burning Mirror 273,Sofia Coppola II D76,2010,JA,Comedy
MV274,The Rising Echo,James Andersonsen,2006,DE,Drama
MV275,Lost Signal 275,Jane Andersonsen,2007,ES,Action
MV276,Iron Road 276,Martin Gerwigova,2014,PT,Comedy
MV277,Silent Echo 277,Stanley Jacksonov,2004,JA,Comedy
MV278,Final Road 278,Ava Cuaronez D77,2022,FR,Comedy
MV279,Rising Bridge 279,Alfonso Scorsetti,2004,ZH,Action
MV280,Dark Bridge 280,Jane Andersonsen D78,2001,PT,Sci-Fi
MV281,The Iron Frontier,Peter Villeneuven D79,2002,FR,Documentary
MV282,Dark Hour 282,Jane Andersonsen D80,2001,KO,Drama
MV283,Broken Shadow 283,Peter Jacksonov D81,2018,ES,Documentary
MV284,Burning Tide 284,Paul Kubricksen D82,2003,ES,Comedy
MV285,Golden Bridge 285,Francis Tarantinov,2004,JA,Action
MV286,Dark Signal 286,Jane Bigelowska D83,2003,EN,Drama
MV287,Distant Hour 287,Martin Denisova,2014,EN,Thriller
MV288,The Rising Frontier,Francis Nolanberg,2004,ES,Comedy
MV289,Burning Light 289,Paul Denisova D84,2004,PT,Romance
MV290,The Dark Road,Paul Scorsetti D85,2023,DE,Sci-Fi
MV291,Broken Road 291,Sofia Guadagnino Jr D86,2002,FR,Horror
MV292,Dark Tide 292,Stanley Villeneuven D87,2009,DE,Action
MV293,Falling Passage 293,Denis Kubricksen D88,2010,ZH,Thriller
MV294,The Hidden Signal,Kathryn Finchereux,2022,AR,Action
MV295,Lost Mirror 295,Claire DuVernay Jr D89,2010,AR,Documentary
MV296,The Broken Shadow,Peter Spielmann D90,2018,FR,Horror
MV297,Crimson Bridge 297,Steven Coppola Jr D91,2007,PT,Drama
MV298,Final Storm 298,Christopher Campionette D92,2022,FR,Action
MV299,The Burning Tide,Greta Spielmann,2015,FR,Romance
MV300,The Burning Mirror,Stanley Nolanberg,2013,ES,Drama
