player_id,player_name,sport,season,season_avg_points
PLAY001,Matteo Fritz,Football,2022-2023,2880
PLAY002,Novak Auger-Aliassime,Tennis,2022-2023,2359
PLAY003,Matteo Alcaraz,Tennis,2022-2023,982
PLAY004,Holger Humbert,Boxing,2022-2023,122
PLAY005,Daniil Berdych,Judo,2022-2023,1078
PLAY006,Viktor Bublik,Judo,2022-2023,2332
PLAY007,Holger Edberg,Boxing,2022-2023,2670
PLAY008,Alexander Zverev,Tennis,2022-2023,622
PLAY009,Rafael Musetti,Athletics,2022-2023,2042
PLAY010,David Berdych,Basketball,2022-2023,1626
PLAY011,Denis Becker,Swimming,2022-2023,856
PLAY012,Tomas Zverev,Boxing,2022-2023,746
PLAY013,Sebastian Becker,Football,2022-2023,1842
PLAY014,Denis Tiafoe,Basketball,2022-2023,2744
PLAY015,Diego Alcaraz,Football,2022-2023,152
PLAY016,Casper Djokovic,Tennis,2022-2023,979
PLAY017,Carlos Sinner,Basketball,2022-2023,3196
PLAY018,Andrey Berdych,Tennis,2022-2023,2484
PLAY019,Alexander Schwartzman,Cycling,2022-2023,1433
PLAY020,Boris Rossi,Football,2022-2023,1683
PLAY021,Grigor Paul,Boxing,2022-2023,1569
PLAY022,Daniil Wilander,Athletics,2022-2023,1181
PLAY023,Lorenzo Berrettini,Basketball,2022-2023,1729
PLAY024,Lorenzo Medvedev,Judo,2022-2023,2678
PLAY025,Rafael Berrettini,Boxing,2022-2023,940
PLAY026,Tommy Bublik,Athletics,2022-2023,119
PLAY027,Nicolas Rossi,Swimming,2022-2023,2820
PLAY028,Francis Djokovic,Athletics,2022-2023,878
PLAY029,Casper Shapovalov,Basketball,2022-2023,190
PLAY030,Diego Schwartzman,Football,2022-2023,1624
PLAY031,Carlos Bublik,Football,2022-2023,1986
PLAY032,Grigor Klein,Football,2022-2023,1292
PLAY033,Matteo Becker,Swimming,2022-2023,1661
PLAY034,Alexander Musetti,Cycling,2022-2023,581
PLAY035,Tommy Alcaraz,Basketball,2022-2023,1166
PLAY036,Diego Auger-Aliassime,Tennis,2022-2023,1898
PLAY037,Matteo Klein,Tennis,2022-2023,2003
PLAY038,Tommy Tsitsipas,Tennis,2022-2023,1036
PLAY039,Marco Troicki,Swimming,2022-2023,960
PLAY040,Novak Dimitrov,Football,2022-2023,1951
PLAY041,Felix Djokovic,Judo,2022-2023,1324
PLAY042,Grigor Schwartzman,Judo,2022-2023,2499
PLAY043,Grigor Edberg,Swimming,2022-2023,2519
PLAY044,Carlos Fritz,Swimming,2022-2023,2034
PLAY045,Dominic Shapovalov,Football,2022-2023,1273
PLAY046,Rafael Bublik,Football,2022-2023,2651
PLAY047,Taylor Auger-Aliassime,Swimming,2022-2023,1195
PLAY048,Jannik Lendl,Basketball,2022-2023,1777
PLAY049,Carlos Auger-Aliassime,Boxing,2022-2023,537
PLAY050,Nicolas Djokovic,Football,2022-2023,725
PLAY051,Felix Berrettini,Judo,2022-2023,1362
PLAY052,Boris Troicki,Boxing,2022-2023,1615
PLAY053,Lucas Medvedev,Judo,2022-2023,2302
PLAY054,Sebastian Klein,Tennis,2022-2023,2111
PLAY055,Boris Wilander,Football,2022-2023,2586
PLAY056,Holger Zverev,Football,2022-2023,400
PLAY057,Rafael Auger-Aliassime,Athletics,2022-2023,1059
PLAY058,Pablo Rune,Basketball,2022-2023,2275
PLAY059,Tomas Bublik,Boxing,2022-2023,767
PLAY060,Stefanos Berdych,Tennis,2022-2023,1778
PLAY061,Sebastian Troicki,Judo,2022-2023,549
PLAY062,Francis Becker,Boxing,2022-2023,745
PLAY063,Denis Bublik,Cycling,2022-2023,2623
PLAY064,Stefanos Edberg,Tennis,2022-2023,2286
PLAY065,Alexander Djokovic,Judo,2022-2023,2293
PLAY066,Viktor Wilander,Swimming,2022-2023,1623
PLAY067,Francis Nadal,Basketball,2022-2023,2301
PLAY068,Lorenzo Rublev,Swimming,2022-2023,1910
PLAY069,Rafael Edberg,Cycling,2022-2023,718
PLAY070,Andrey Wawrinka,Tennis,2022-2023,1834
PLAY071,Rafael Rune,Athletics,2022-2023,1186
PLAY072,David Musetti,Cycling,2022-2023,2465
PLAY073,Grigor Fritz,Tennis,2022-2023,1237
PLAY074,Tomas Schwartzman,Judo,2022-2023,2310
PLAY075,Denis Sinner,Football,2022-2023,263
PLAY076,Rafael Wilander,Basketball,2022-2023,2812
PLAY077,Lucas Rublev,Swimming,2022-2023,1598
PLAY078,Lorenzo Auger-Aliassime,Basketball,2022-2023,585
PLAY079,Dominic Wilander,Cycling,2022-2023,477
PLAY080,Rafael Thiem,Basketball,2022-2023,1104
PLAY081,Lucas Rune,Judo,2022-2023,2742
PLAY082,Jannik Medvedev,Tennis,2022-2023,162
PLAY083,Nicolas Auger-Aliassime,Swimming,2022-2023,454
PLAY084,Tommy Wawrinka,Cycling,2022-2023,2174
PLAY085,Taylor Lendl,Football,2022-2023,1360
PLAY086,Francis Wawrinka,Judo,2022-2023,440
PLAY087,Taylor Rune,Basketball,2022-2023,1480
PLAY088,Stefanos Shapovalov,Football,2022-2023,752
PLAY089,Viktor Shapovalov,Swimming,2022-2023,286
PLAY090,Felix Humbert,Judo,2022-2023,1941
PLAY091,Nicolas Dimitrov,Football,2022-2023,2175
PLAY092,Jannik Edberg,Football,2022-2023,1699
PLAY093,Novak Lendl,Boxing,2022-2023,955
PLAY094,Tommy Djokovic,Judo,2022-2023,2656
PLAY095,Tommy Rossi,Cycling,2022-2023,2498
PLAY096,Tomas Tsitsipas,Cycling,2022-2023,190
PLAY097,Pablo Musetti,Boxing,2022-2023,1710
PLAY098,Holger Medvedev,Boxing,2022-2023,859
PLAY099,Novak Rune,Cycling,2022-2023,378
PLAY100,Marco Musetti,Boxing,2022-2023,1394
PLAY101,Lorenzo Tiafoe,Boxing,2022-2023,1882
PLAY102,Diego Becker,Cycling,2022-2023,2836
PLAY103,Viktor Tiafoe,Judo,2022-2023,2561
PLAY104,Felix Tiafoe,Football,2022-2023,1541
PLAY105,Rafael Lendl,Judo,2022-2023,686
PLAY106,Dominic Humbert,Football,2022-2023,1282
PLAY107,Felix Rossi,Boxing,2022-2023,1315
PLAY108,Tommy Sinner,Boxing,2022-2023,2133
PLAY109,Lucas Edberg,Athletics,2022-2023,3326
PLAY110,Rafael Djokovic,Basketball,2022-2023,875
PLAY111,Marco Bublik,Basketball,2022-2023,1177
PLAY112,Stefanos Alcaraz,Football,2022-2023,1797
PLAY113,Alexander Thiem,Swimming,2022-2023,408
PLAY114,Diego Troicki,Boxing,2022-2023,2492
PLAY115,Nicolas Tiafoe,Tennis,2022-2023,120
PLAY116,Rafael Zverev,Boxing,2022-2023,2483
PLAY117,Novak Berrettini,Athletics,2022-2023,3250
PLAY118,Sebastian Bublik,Football,2022-2023,1666
PLAY119,Felix Auger-Aliassime,Judo,2022-2023,2070
PLAY120,Taylor Klein,Boxing,2022-2023,2655
